stay_id,name,district,accommodation_types,suitable_for,budget_level,description,url/contact number,,,
1,Cinnamon Grand Colombo,Colombo,Hotel,Family;Couple,High,Click here to visit the website or get contact details.,https://www.cinnamonhotels.com/,,,
2,Shangri‑La Colombo,Colombo,Hotel,Family;Couple,High,Click here to visit the website or get contact details.,https://www.shangri-la.com/colombo/shangrila/,,,
3,Mount Lavinia Hotel,Colombo,Hotel,Solo;Couple;Family,Medium,Click here to visit the website or get contact details.,https://www.mountlaviniahotel.com/,,,
4,Marino Beach Colombo,Colombo,Hotel,Couple;Family,Medium,Click here to visit the website or get contact details.,https://www.marinobeach.com/,,,
5,Galle Face Hotel,Colombo,Hotel,Family;Couple,High,Click here to visit the website or get contact details.,https://gallefacehotel.com/,,,
6,OZO Colombo,Colombo,Hotel,Solo;Couple,Medium,Click here to visit the website or get contact details.,https://ozo.colombohotels.net/en/,,,
7,Ramada by Wyndham Colombo,Colombo,Hotel,Couple;Family,Medium,Click here to visit the website or get contact details.,https://www.ramadacolombo.com/,,,
8,Colombo Villa ,Colombo,Villa,Couple,Medium,Click here to visit the website or get contact details.,https://www.colombovilla.lk/,,,
9,Fairway Villas,Colombo,Villa,Couple;Family,High,Click here to visit the website or get contact details.,https://www.fairwaycolombo.com/,,,
10,Sandy Bliss Villa,Colombo,Villa,Couple;Family,High,Click here to visit the website or get contact details.,https://www.google.com/travel/search?q=villa%20%20colombo&g2lb=4965990%2C72471280%2C72560029%2C72573224%2C72647020%2C72686036%2C72803964%2C72882230%2C72958624%2C73059275%2C73064764%2C121608705&hl=en-LK&gl=lk&cs=1&ssta=1&ts=CAISCgoCCAMKAggDEAAaUgoyEjAyJTB4M2FlMjUzZDEwZjdhNzAwMzoweDMyMGIyZTRkMzJkMzgzOGQ6B0NvbG9tYm8SHBIUCgcI6g8QBxgYEgcI6g8QBxgbGAMyAhAAOAEqDQoFOgNMS1IaBCICCgQ&qs=CAEyJ0Noa1FvOXZGcnVTam5Pa3JHZzB2Wnk4eE1YbzBjMm93Wm1Sd0VBSTgGQgkRL5sc8eN5j9pCCRGjbdFFHnHSK0IJEcwbKJFb3xRRWkUyQ6oBQBABKgkiBXZpbGxhKAAyHhABIhoKIyuHC4IsBi51FyYY4mmCms5eNTuEm-jtZDIREAIiDXZpbGxhIGNvbG9tYm8&ap=MAA&ictx=111&ved=0CAAQ5JsGahcKEwjI-5SEyIuUAxUAAAAAHQAAAAAQUw,,,
11,Villa by the Edge,Colombo,Villa,Couple,High,Click here to visit the website or get contact details.,https://www.google.com/travel/search?q=villa%20colombo&g2lb=4965990%2C72471280%2C72560029%2C72573224%2C72647020%2C72686036%2C72803964%2C72882230%2C72958624%2C73059275%2C73064764%2C121608705&hl=en-LK&gl=lk&cs=1&ssta=1&ts=CAISCgoCCAMKAggDEAAaHhIcEhQKBwjqDxAHGA0SBwjqDxAHGBMYBjICEAA4ASoHCgU6A0xLUg&qs=CAEyKENob1FyN2J5aUwtODNzZmFBUm9OTDJjdk1URnRhM2x6TWpSak9CQUM4CkIJES-bHPHjeY_aQgkRo23RRR5x0itCCRHMGyiRW98UUVpFMkOqAUAQASoJIgV2aWxsYSgAMh4QASIaCiMrhwuCLAYudRcmGOJpgprOXjU7hJvo7WQyERACIg12aWxsYSBjb2xvbWJv&ap=aAF6KENob1FyN2J5aUwtODNzZmFBUm9OTDJjdk1URnRhM2x6TWpSak9CQUO6AQhvdmVydmlldw&ictx=111&ved=0CAAQ5JsGahcKEwi4kpCyyIuUAxUAAAAAHQAAAAAQBQ,,,
12,Villa 61A,Colombo,Villa,Family;Couple,Medium,Click here to visit the website or get contact details.,https://www.google.com/travel/search?q=villa%20colombo&g2lb=4965990%2C72471280%2C72560029%2C72573224%2C72647020%2C72686036%2C72803964%2C72882230%2C72958624%2C73059275%2C73064764%2C121608705&hl=en-LK&gl=lk&cs=1&ssta=1&ts=CAISCgoCCAMKAggDEAAaUgoyEjAyJTB4M2FlMjUzZDEwZjdhNzAwMzoweDMyMGIyZTRkMzJkMzgzOGQ6B0NvbG9tYm8SHBIUCgcI6g8QBRgbEgcI6g8QBhgBGAUyAhAAOAEqDQoFOgNMS1IaBCICCgQ&qs=CAEyKENob1F0YWVfaWJpQTN1WFVBUm9OTDJjdk1URjJNMlptYkRacVloQUM4BkIJES-bHPHjeY_aQgkRo23RRR5x0itCCRHMGyiRW98UUVpFMkOqAUAQASoJIgV2aWxsYSgAMh4QASIaCiMrhwuCLAYudRcmGOJpgprOXjU7hJvo7WQyERACIg12aWxsYSBjb2xvbWJv&ap=MAA&ictx=111&ved=0CAAQ5JsGahcKEwiYnPzByIuUAxUAAAAAHQAAAAAQNA,,,
13,A tropical paradise,Colombo,Villa,Couple,Medium,Click here to visit the website or get contact details.,https://www.google.com/travel/search?q=villa%20colombo&g2lb=4965990%2C72471280%2C72560029%2C72573224%2C72647020%2C72686036%2C72803964%2C72882230%2C72958624%2C73059275%2C73064764%2C121608705&hl=en-LK&gl=lk&cs=1&ssta=1&ts=CAISCgoCCAMKAggDEAAaUgoyEjAyJTB4M2FlMjUzZDEwZjdhNzAwMzoweDMyMGIyZTRkMzJkMzgzOGQ6B0NvbG9tYm8SHBIUCgcI6g8QBRgZEgcI6g8QBRgeGAUyAhAAOAEqDQoFOgNMS1IaBCICCgQ&qs=CAEyJ0Noa1FwTVhFd3NxMW82SUdHZzB2Wnk4eE1YYzBNblI0ZW5FeEVBSTgGQgkRL5sc8eN5j9pCCRGjbdFFHnHSK0IJEcwbKJFb3xRRWkUyQ6oBQBABKgkiBXZpbGxhKAAyHhABIhoKIyuHC4IsBi51FyYY4mmCms5eNTuEm-jtZDIREAIiDXZpbGxhIGNvbG9tYm8&ap=MAA&ictx=111&ved=0CAAQ5JsGahcKEwiYnPzByIuUAxUAAAAAHQAAAAAQYg,,,
14,Fairfield Villa Colombo,Colombo,Villa,Family;Couple,High,Click here to visit the website or get contact details.,https://www.google.com/travel/search?q=villa%20colombo&g2lb=4965990%2C72471280%2C72560029%2C72573224%2C72647020%2C72686036%2C72803964%2C72882230%2C72958624%2C73059275%2C73064764%2C121608705&hl=en-LK&gl=lk&cs=1&ssta=1&ts=CAISCgoCCAMKAggDEAAaUgoyEjAyJTB4M2FlMjUzZDEwZjdhNzAwMzoweDMyMGIyZTRkMzJkMzgzOGQ6B0NvbG9tYm8SHBIUCgcI6g8QBBgcEgcI6g8QBRgEGAYyAhAAOAEqDQoFOgNMS1IaBCICCgQ&qs=CAEyKENob1FtUHZEZ3RmMy1vNkdBUm9OTDJjdk1URjZhM1ptTmpjd2VoQUM4BkIJES-bHPHjeY_aQgkRo23RRR5x0itCCRHMGyiRW98UUVpFMkOqAUAQASoJIgV2aWxsYSgAMh4QASIaCiMrhwuCLAYudRcmGOJpgprOXjU7hJvo7WQyERACIg12aWxsYSBjb2xvbWJv&ap=MAA&ictx=111&ved=0CAAQ5JsGahgKEwiYnPzByIuUAxUAAAAAHQAAAAAQiAE,,,
15,Cinnamon lakeside Colombo ,Colombo,Resort,Family;Couple,High,Click here to visit the website or get contact details.,https://reservations.cinnamonhotels.com/?adult=2&arrive=2026-05-02&chain=31106&child=0&config=meta&currency=LKR&depart=2026-05-03&dsclid=77867614717100032&filter=META&gclid=Cj0KCQjw77bPBhC_ARIsAGAjjV_YXiC0B_hqCLJc5LAcvUkUIqWbtSE9-bIbwZmga4LWViIgzHinpb8aAkn8EALw_wcB&hotel=42170&level=hotel&locale=en-US&productcurrency=USD&rooms=1&segment=noMealPlanAssigned&src=goog&start=availresults&utm_campaign=google-ppa-42170&utm_content=localuniversal_02-05-2026_1_42170_LK_mobile_default_23790393320_unknown_standard&utm_medium=channel_connect&utm_source=google-hpa,nudhuuhhsvhhshh9j,nudhuuhhsvhhshh9j,nudhuuhhsvhhshh9j
16,Cinnamon Grand colombo,Colombo,Resort,Family;Couple,High,Click here to visit the website or get contact details.,https://reservations.cinnamonhotels.com/?adult=2&arrive=2026-05-02&chain=31106&child=0&config=meta&currency=LKR&depart=2026-05-03&dsclid=77867654684618752&filter=META&gclid=Cj0KCQjw77bPBhC_ARIsAGAjjV-GiJY-yZ0_0eKEQ6HzcUsiAwqFlH-FRCFwRLsKYxoMLG_h58ZT__gaAri8EALw_wcB&hotel=42169&level=hotel&locale=en-US&productcurrency=USD&rooms=1&segment=noMealPlanAssigned&src=goog&start=availresults&utm_campaign=google-ppa-42169&utm_content=localuniversal_02-05-2026_1_42169_LK_mobile_default_23794972069_unknown_standard&utm_medium=channel_connect&utm_source=google-hpa,,,
17,Pegasus Reef Hotel,Colombo,Resort,Family;Couple,High,Click here to visit the website or get contact details.,https://www.pegasusreefhotel.com/?gad_source=1&gad_campaignid=23366614044&gbraid=0AAAABCQ99JlTAscLXiWGa5Tmewmqw32m_&gclid=Cj0KCQjw77bPBhC_ARIsAGAjjV8xqXCLYgIGa2zLxHo_z5GpLQSSLONCDaOTLP3LvENWDFq8SfInHg8aAq1TEALw_wcB,,,
18,Marino Beach Colombo,Colombo,Resort,Family;Couple,High,Click here to visit the website or get contact details.,https://www.marinobeach.com/,,,
19,Berjaya Hotel Colombo,Colombo,Resort,Solo;Couple,Medium,Click here to visit the website or get contact details.,https://www.berjayahotel.com/colombo?srsltid=AfmBOoqhyFF_98k8f8WrEQ7-V647fh5WbzyvCdTb3fDUscIy3xosovbm,,,
20,Colombo Court Resort and Spa,Colombo,Resort,Couple;Family,Medium,Click here to visit the website or get contact details.,https://www.colombocourthotel.com/,,,
21,Granbell Hotel Colombo,Colombo,Resort,Family;Couple,Medium,Click here to visit the website or get contact details.,https://granbellhotel.lk/?mhs_hid=23925&mhs_plid=99&mhs_pos=538-513-8486.20986819897&mhs_kid=29221&mhs_cc=granbell-hotels&utm_source=google&utm_medium=cpc&gad_source=1&gad_campaignid=20986819897&gbraid=0AAAAAqyBvrlDvkF7BHFMwo3f4utRpJ0gi&gclid=Cj0KCQjw77bPBhC_ARIsAGAjjV8S9bCNUuWEoSgRJu6Uv4xdvuhLVKQufUqCwt8T1ToUnmPF1RNRXdgaAhfYEALw_wcB,,,
22,The Covanro,Gampaha,Hotel,Family;Couple,High,Click here to visit the website or get contact details.,https://www.booking.com/searchresults.en.html?dest_id=1287500&highlighted_hotels=1287500&dest_type=hotel&checkin=2026-05-02&checkout=2026-05-03&group_adults=2&req_adults=2&show_room=128750009_309089493_2_42_0&lang=en&selected_currency=LKR&exrt=318.20614624&ext_price_total=28341.48&ext_price_tax=6703.46&xfc=USD&hca=m&group_children=0&req_children=0&&no_rooms=1&ts=1776238671&edgtid=hs2g9_ajRzGYifgNBxnaiQ&efpc=aLAKibB6Lw&utm_source=metagha&utm_medium=localuniversal&utm_campaign=LK&utm_term=hotel-1287500&utm_content=dev-mobile_los-1_bw-6_dow-Saturday_defdate-1_room-0_gstadt-2_rateid-m_aud-0_gacid-21411130469_mcid-10_ppa-1_clrid-0_ad-1_gstkid-0_checkin-20260502_ppt-M&aid=2419900&label=metagha-link-LULK-hotel-1287500_dev-mobile_los-1_bw-6_dow-Saturday_defdate-1_room-0_gstadt-2_rateid-m_aud-0_gacid-21411130469_mcid-10_ppa-1_clrid-0_ad-1_gstkid-0_checkin-20260502_ppt-M_lp-2144_r-14393082158965290420&gclid=Cj0KCQjw77bPBhC_ARIsAGAjjV-CjPLQ0SDJYT-5OUg-QpBit6ZASUPfPICG8gmMJ05_T_CXEbwXODwaApFyEALw_wcB&gad_source=1&gad_campaignid=21411130469,,,
23,Natures Bliss Holidays,Gampaha,Hotel,Family;Couple,High,Click here to visit the website or get contact details.,https://www.heritancehotels.com/heritance-negombo,,,
24,Venus Family Resort,Gampaha,Hotel,Family;Couple,Medium,Click here to visit the website or get contact details.,https://venus-resorts.srilankahotel.net/en/,,,
25,Wet Water Resort,Gampaha,Hotel,Couple;Solo,Medium,Click here to visit the website or get contact details.,https://wet-water-resort.srilankahotel.net/en/,,,
26,Oreeka Hotels,Gampaha,Hotel,Couple;Family,Medium,Click here to visit the website or get contact details.,https://www.oreekahotel.com/,,,
27,Saprin Beach Resort ,Gampaha,Hotel,Family;Couple,Medium,Click here to visit the website or get contact details.,https://saprinbeach.com/,,,
28,Amaluna Resort,Gampaha,Hotel,Family;Couple,Medium,Click here to visit the website or get contact details.,https://www.google.com/search?q=amaluna+resort&oq=Amaluna+Resort&gs_lcrp=EgZjaHJvbWUqDwgAEAAYFBiHAhjjAhiABDIPCAAQABgUGIcCGOMCGIAEMhgIARAuGBQYrwEYxwEYhwIYgAQYmAUYmgUyDAgCEAAYFBiHAhiABDIMCAMQABhDGIAEGIoFMgwIBBAAGEMYgAQYigUyBwgFEAAYgAQyDAgGEAAYQxiABBiKBTIHCAcQABiABDIHCAgQABiABDIHCAkQABiABNIBBzk0MWowajSoAgCwAgE&sourceid=chrome&ie=UTF-8,,,
29,Beauty World Villa,Gampaha,Villa,Couple;Solo,Medium,Click here to visit the website or get contact details.,https://www.google.com/travel/search?q=villas%20in%20gampaha&g2lb=4965990%2C72471280%2C72560029%2C72573224%2C72647020%2C72686036%2C72803964%2C72882230%2C72958624%2C73059275%2C73064764%2C121608705&hl=en-LK&gl=lk&cs=1&ssta=1&ts=CAISCgoCCAMKAggDEAAaHhIcEhQKBwjqDxAFGAESBwjqDxAFGAUYBDICEAA4ASoHCgU6A0xLUg&qs=CAEyKENob1FfZUtyemFueThNM2lBUm9OTDJjdk1URjZOSE5qZG1kblh4QUM4CkIJEQ8yp9Q0po6vQgkRffGqmZLDm-JCCRHUTv6D-esRnlpKMkiqAUUQASoKIgZ2aWxsYXMoADIeEAEiGm1gHvZ1VTnwWIoCSx6Rzvd-ZIPQBb-RB8sKMhUQAiIRdmlsbGFzIGluIGdhbXBhaGE&ap=aAF6KENob1FfZUtyemFueThNM2lBUm9OTDJjdk1URjZOSE5qZG1kblh4QUO6AQhvdmVydmlldw&ictx=111&ved=0CAAQ5JsGahcKEwio8tygzYuUAxUAAAAAHQAAAAAQBA,,,
30,Nestled into a quiet comfy paradise,Gampaha,Villa,Couple;Family,High,Click here to visit the website or get contact details.,https://www.google.com/travel/search?q=villas%20in%20gampaha&g2lb=4965990%2C72471280%2C72560029%2C72573224%2C72647020%2C72686036%2C72803964%2C72882230%2C72958624%2C73059275%2C73064764%2C121608705&hl=en-LK&gl=lk&cs=1&ssta=1&ts=CAISCgoCCAMKAggDEAAaHhIcEhQKBwjqDxAGGBMSBwjqDxAGGBUYAjICEAA4ASoHCgU6A0xLUg&qs=CAEyKENob1FqLVNjcGMzR3FjZXZBUm9OTDJjdk1URjJlSFJmZVRnNVp4QUM4CkIJEQ8yp9Q0po6vQgkRffGqmZLDm-JCCRHUTv6D-esRnlpKMkiqAUUQASoKIgZ2aWxsYXMoADIeEAEiGm1gHvZ1VTnwWIoCSx6Rzvd-ZIPQBb-RB8sKMhUQAiIRdmlsbGFzIGluIGdhbXBhaGE&ap=aAF6KENob1FqLVNjcGMzR3FjZXZBUm9OTDJjdk1URjJlSFJmZVRnNVp4QUO6AQhvdmVydmlldw&ictx=111&ved=0CAAQ5JsGahcKEwjYz-6qzYuUAxUAAAAAHQAAAAAQCQ,,,
31,Galawaththa Villas,Gampaha,Villa,Family;Couple,Medium,Click here to visit the website or get contact details.,https://www.google.com/travel/search?q=villas%20in%20gampaha&g2lb=4965990%2C72471280%2C72560029%2C72573224%2C72647020%2C72686036%2C72803964%2C72882230%2C72958624%2C73059275%2C73064764%2C121608705&hl=en-LK&gl=lk&cs=1&ssta=1&ts=CAISCgoCCAMKAggDEAAaHhIcEhQKBwjqDxAGGBoSBwjqDxAGGB4YBDICEAA4ASoHCgU6A0xLUg&qs=CAEyKENob1ExSjM1bjVqXy1vaWVBUm9OTDJjdk1URjZOSE5xWkY5c2VCQUM4CkIJEQ8yp9Q0po6vQgkRffGqmZLDm-JCCRHUTv6D-esRnlpKMkiqAUUQASoKIgZ2aWxsYXMoADIeEAEiGm1gHvZ1VTnwWIoCSx6Rzvd-ZIPQBb-RB8sKMhUQAiIRdmlsbGFzIGluIGdhbXBhaGE&ap=aAF6KENob1ExSjM1bjVqXy1vaWVBUm9OTDJjdk1URjZOSE5xWkY5c2VCQUO6AQhvdmVydmlldw&ictx=111&ved=0CAAQ5JsGahcKEwiwqeC5zYuUAxUAAAAAHQAAAAAQBQ,,,
32,Garden Villa ,Gampaha,Villa,Couple;Solo,High,Click here to visit the website or get contact details.,https://www.google.com/travel/search?q=villas%20in%20gampaha&g2lb=4965990%2C72471280%2C72560029%2C72573224%2C72647020%2C72686036%2C72803964%2C72882230%2C72958624%2C73059275%2C73064764%2C121608705&hl=en-LK&gl=lk&cs=1&ssta=1&ts=CAISCgoCCAMKAggDEAAaVAoyEjAyJTB4M2FlMmZiNjdhMjJlNzJkOToweDkxM2EyYzU2YTQ5YzhkOGU6B0dhbXBhaGESHhIUCgcI6g8QBxgDEgcI6g8QBxgFGAIyBAgAEAA4ASoMCgU6A0xLUhoDIgEK&qs=CAEyJ0Noa1F6TTdpdHJlSnpOQkpHZzB2Wnk4eE1YbDJkbmswWkRZeEVBSTgGQgkRDzKn1DSmjq9CCRF98aqZksOb4kIJEdRO_oP56xGeSABaSjJIqgFFEAEqCiIGdmlsbGFzKAAyHhABIhptYB72dVU58FiKAksekc73fmSD0AW_kQfLCjIVEAIiEXZpbGxhcyBpbiBnYW1wYWhh&ap=MAC6AQZwcmljZXM&ictx=111,,,
33,Boutique Villa,Gampaha,Villa,Couple;Family,Medium,Click here to visit the website or get contact details.,https://www.google.com/travel/search?q=villas%20in%20gampaha&g2lb=4965990%2C72471280%2C72560029%2C72573224%2C72647020%2C72686036%2C72803964%2C72882230%2C72958624%2C73059275%2C73064764%2C121608705&hl=en-LK&gl=lk&cs=1&ssta=1&ts=CAISCgoCCAMKAggDEAAaUgoyEjAyJTB4M2FlMmZiNjdhMjJlNzJkOToweDkxM2EyYzU2YTQ5YzhkOGU6B0dhbXBhaGESHBIUCgcI6g8QBRgaEgcI6g8QBRgfGAUyAhAAOAEqDAoFOgNMS1IaAyIBCg&qs=CAEyKENob1FyYWk3NnJyeXdNbWNBUm9OTDJjdk1URjBlSEZ1Wm1kaWFCQUM4BkIJEQ8yp9Q0po6vQgkRffGqmZLDm-JCCRHUTv6D-esRnlpKMkiqAUUQASoKIgZ2aWxsYXMoADIeEAEiGm1gHvZ1VTnwWIoCSx6Rzvd-ZIPQBb-RB8sKMhUQAiIRdmlsbGFzIGluIGdhbXBhaGE&ap=MAA&ictx=111&ved=0CAAQ5JsGahgKEwiwmrvHzYuUAxUAAAAAHQAAAAAQhgE,,,
34,GALAWATHTHA VILLA,Gampaha,Villa,Couple;Family,Medium,Click here to visit the website or get contact details.,https://www.google.com/travel/search?q=villas%20in%20gampaha&g2lb=4965990%2C72471280%2C72560029%2C72573224%2C72647020%2C72686036%2C72803964%2C72882230%2C72958624%2C73059275%2C73064764%2C121608705&hl=en-LK&gl=lk&cs=1&ssta=1&ts=CAISCgoCCAMKAggDEAAaUgoyEjAyJTB4M2FlMmZiNjdhMjJlNzJkOToweDkxM2EyYzU2YTQ5YzhkOGU6B0dhbXBhaGESHBIUCgcI6g8QBRgKEgcI6g8QBRgMGAIyAhAAOAEqDAoFOgNMS1IaAyIBCg&qs=CAEyJ0Noa1F6NVRtM1BxQ3c4cFpHZzB2Wnk4eE1Yb3hNM3AwYURac0VBSTgGQgkRDzKn1DSmjq9CCRF98aqZksOb4kIJEdRO_oP56xGeWkoySKoBRRABKgoiBnZpbGxhcygAMh4QASIabWAe9nVVOfBYigJLHpHO935kg9AFv5EHywoyFRACIhF2aWxsYXMgaW4gZ2FtcGFoYQ&ap=MAA&ictx=111&ved=0CAAQ5JsGahgKEwiwmrvHzYuUAxUAAAAAHQAAAAAQrAE,,,
35,Gorgeous private luxury villa,Gampaha,Villa,Couple;Solo,High,Click here to visit the website or get contact details.,https://www.google.com/travel/search?q=villas%20in%20gampaha&g2lb=4965990%2C72471280%2C72560029%2C72573224%2C72647020%2C72686036%2C72803964%2C72882230%2C72958624%2C73059275%2C73064764%2C121608705&hl=en-LK&gl=lk&cs=1&ssta=1&ts=CAISCgoCCAMKAggDEAAaUgoyEjAyJTB4M2FlMmZiNjdhMjJlNzJkOToweDkxM2EyYzU2YTQ5YzhkOGU6B0dhbXBhaGESHBIUCgcI6g8QBxgREgcI6g8QBxgXGAYyAhAAOAEqDAoFOgNMS1IaAyIBCg&qs=CAEyJ0Noa1Fyb0Mwd2RfcTNLMTNHZzB2Wnk4eE1YWmthbk14ZGpCbUVBSTgGQgkRDzKn1DSmjq9CCRF98aqZksOb4kIJEdRO_oP56xGeWkoySKoBRRABKgoiBnZpbGxhcygAMh4QASIabWAe9nVVOfBYigJLHpHO935kg9AFv5EHywoyFRACIhF2aWxsYXMgaW4gZ2FtcGFoYQ&ap=MAA&ictx=111&ved=0CAAQ5JsGahcKEwiwmrvHzYuUAxUAAAAAHQAAAAAQXA,,,
36,Savenndra Resorts,Gampaha,Resort,Family;Couple,High,Click here to visit the website or get contact details.,https://www.google.com/travel/search?q=resorts%20in%20gampaha&g2lb=4965990%2C72471280%2C72560029%2C72573224%2C72647020%2C72686036%2C72803964%2C72882230%2C72958624%2C73059275%2C73064764%2C121608705&hl=en-LK&gl=lk&cs=1&ssta=1&ts=CAESCgoCCAMKAggDEAAaHBIaEhQKBwjqDxAFGAISBwjqDxAFGAMYATICEAAqBwoFOgNMS1I&qs=CAEyFENnc0kzcTM0cl9lYzhJUEhBUkFCOApCCRFj3uSPmRtwy0IJERvD5YnHWwXcQgkRAITbHi5nl2NaTTJLqgFIEAEqCyIHcmVzb3J0cygAMh8QASIbLv_IGsJiIWCMtuJOEZ6w8wRYMOa8b74lS7LbMhYQAiIScmVzb3J0cyBpbiBnYW1wYWhh&ap=aAG6AQhvdmVydmlldw&ictx=111&ved=0CAAQ5JsGahcKEwjQu-zl0IuUAxUAAAAAHQAAAAAQBQ,,,
37,Amaluna Resort,Gampaha,Resort,Couple;Family,High,Click here to visit the website or get contact details.,https://www.google.com/search?q=amaluna+resort&oq=Amaluna+Resort&gs_lcrp=EgZjaHJvbWUqDwgAEAAYFBiHAhjjAhiABDIPCAAQABgUGIcCGOMCGIAEMhgIARAuGBQYrwEYxwEYhwIYgAQYmAUYmgUyDAgCEAAYFBiHAhiABDIMCAMQABhDGIAEGIoFMgwIBBAAGEMYgAQYigUyBwgFEAAYgAQyDAgGEAAYQxiABBiKBTIHCAcQABiABDIHCAgQABiABDIHCAkQABiABNIBBzk0MWowajSoAgCwAgE&sourceid=chrome&ie=UTF-8,,,
38,Comilla Bungalow - Amariya Resorts (PVT) LTD,Gampaha,Resort,Family;Couple,Medium,Click here to visit the website or get contact details.,https://www.google.com/travel/search?q=resorts%20in%20gampaha&g2lb=4965990%2C72471280%2C72560029%2C72573224%2C72647020%2C72686036%2C72803964%2C72882230%2C72958624%2C73059275%2C73064764%2C121608705&hl=en-LK&gl=lk&cs=1&ssta=1&ts=CAESCgoCCAMKAggDEAAaUAoyEjAyJTB4M2FlMmZiNjdhMjJlNzJkOToweDkxM2EyYzU2YTQ5YzhkOGU6B0dhbXBhaGESGhIUCgcI6g8QBRgCEgcI6g8QBRgDGAEyAhAAKgoKCDoDTEtSWgER&qs=CAEyJkNoZ0lyT25lMXFQS2liMTlHZ3d2Wnk4eE1taHVaM0IzTjNjUUFROAZCCRFj3uSPmRtwy0IJERvD5YnHWwXcQgkRAITbHi5nl2NaTTJLqgFIEAEqCyIHcmVzb3J0cygAMh8QASIbLv_IGsJiIWCMtuJOEZ6w8wRYMOa8b74lS7LbMhYQAiIScmVzb3J0cyBpbiBnYW1wYWhh&ap=MAA&ictx=111&ved=0CAAQ5JsGahcKEwig29Ox0YuUAxUAAAAAHQAAAAAQBA,,,
39,Amandawa Eco - Organic Sanctuary,Gampaha,Resort,Family;Couple,Medium,Click here to visit the website or get contact details.,https://www.google.com/travel/search?q=resorts%20in%20gampaha&g2lb=4965990%2C72471280%2C72560029%2C72573224%2C72647020%2C72686036%2C72803964%2C72882230%2C72958624%2C73059275%2C73064764%2C121608705&hl=en-LK&gl=lk&cs=1&ssta=1&ts=CAESCgoCCAMKAggDEAAaUAoyEjAyJTB4M2FlMmZiNjdhMjJlNzJkOToweDkxM2EyYzU2YTQ5YzhkOGU6B0dhbXBhaGESGhIUCgcI6g8QBRgCEgcI6g8QBRgDGAEyAhAAKgoKCDoDTEtSWgER&qs=CAEyJ0Noa0lnT0dTNW9UeTZ0cEVHZzB2Wnk4eE1YUmZkbXQzTjNKcUVBRTgGQgkRY97kj5kbcMtCCREbw-WJx1sF3EIJEQCE2x4uZ5djSABaTTJLqgFIEAEqCyIHcmVzb3J0cygAMh8QASIbLv_IGsJiIWCMtuJOEZ6w8wRYMOa8b74lS7LbMhYQAiIScmVzb3J0cyBpbiBnYW1wYWhh&ap=MAA&ictx=111&ved=0CAAQ5JsGahgKEwig29Ox0YuUAxUAAAAAHQAAAAAQiAE,,,
40,Amaya Greens,Gampaha,Resort,Couple;Family,High,Click here to visit the website or get contact details.,https://www.google.com/travel/search?q=resorts%20in%20gampaha&g2lb=4965990%2C72471280%2C72560029%2C72573224%2C72647020%2C72686036%2C72803964%2C72882230%2C72958624%2C73059275%2C73064764%2C121608705&hl=en-LK&gl=lk&cs=1&ssta=1&ts=CAESCgoCCAMKAggDEAAaUAoyEjAyJTB4M2FlMmZiNjdhMjJlNzJkOToweDkxM2EyYzU2YTQ5YzhkOGU6B0dhbXBhaGESGhIUCgcI6g8QBRgCEgcI6g8QBRgDGAEyAhAAKgoKCDoDTEtSWgER&qs=CAEyJ0Noa0l2TWlfNnRYRGliSkhHZzB2Wnk4eE1XTXlibUp5YlRRM0VBRTgGQgkRY97kj5kbcMtCCREbw-WJx1sF3EIJEQCE2x4uZ5djSABaTTJLqgFIEAEqCyIHcmVzb3J0cygAMh8QASIbLv_IGsJiIWCMtuJOEZ6w8wRYMOa8b74lS7LbMhYQAiIScmVzb3J0cyBpbiBnYW1wYWhh&ap=MAA&ictx=111&ved=0CAAQ5JsGahcKEwig29Ox0YuUAxUAAAAAHQAAAAAQRg,,,
41,Akash Hotel,Gampaha,Resort,Family;Couple,Medium,Click here to visit the website or get contact details.,https://www.google.com/travel/search?q=resorts%20in%20gampaha&g2lb=4965990%2C72471280%2C72560029%2C72573224%2C72647020%2C72686036%2C72803964%2C72882230%2C72958624%2C73059275%2C73064764%2C121608705&hl=en-LK&gl=lk&cs=1&ssta=1&ts=CAESCgoCCAMKAggDEAAaUAoyEjAyJTB4M2FlMmZiNjdhMjJlNzJkOToweDkxM2EyYzU2YTQ5YzhkOGU6B0dhbXBhaGESGhIUCgcI6g8QBRgCEgcI6g8QBRgDGAEyAhAAKgoKCDoDTEtSWgER&qs=CAEyKENob0lrZnVOb3JmN3I2V1ZBUm9OTDJjdk1URm9kRGRmY0cxeVl4QUI4BkIJEWPe5I-ZG3DLQgkRG8PlicdbBdxCCREAhNseLmeXY0gAWk0yS6oBSBABKgsiB3Jlc29ydHMoADIfEAEiGy7_yBrCYiFgjLbiThGesPMEWDDmvG--JUuy2zIWEAIiEnJlc29ydHMgaW4gZ2FtcGFoYQ&ap=MAA&ictx=111&ved=0CAAQ5JsGahgKEwig29Ox0YuUAxUAAAAAHQAAAAAQuwE,,,
42,Liyara Nature Farm Resorts,Gampaha,Resort,Family;Couple,Medium,Click here to visit the website or get contact details.,https://www.google.com/travel/search?q=resorts%20in%20gampaha&g2lb=4965990%2C72471280%2C72560029%2C72573224%2C72647020%2C72686036%2C72803964%2C72882230%2C72958624%2C73059275%2C73064764%2C121608705&hl=en-LK&gl=lk&cs=1&ssta=1&ts=CAESCgoCCAMKAggDEAAaUAoyEjAyJTB4M2FlMmZiNjdhMjJlNzJkOToweDkxM2EyYzU2YTQ5YzhkOGU6B0dhbXBhaGESGhIUCgcI6g8QBRgCEgcI6g8QBRgDGAEyAhAAKgoKCDoDTEtSWgER&qs=CAEyJ0Noa0kwNGppLXRHcnNwYzZHZzB2Wnk4eE1YUmtaamR0ZW1OeUVBRTgGQgkRY97kj5kbcMtCCREbw-WJx1sF3EIJEQCE2x4uZ5djSABaTTJLqgFIEAEqCyIHcmVzb3J0cygAMh8QASIbLv_IGsJiIWCMtuJOEZ6w8wRYMOa8b74lS7LbMhYQAiIScmVzb3J0cyBpbiBnYW1wYWhh&ap=MAA&ictx=111&ved=0CAAQ5JsGahgKEwig29Ox0YuUAxUAAAAAHQAAAAAQkAI,,,
43,The Blue Water Hotel,Kalutara,Hotel,Family;Couple,High,Click here to visit the website or get contact details.,https://www.bluewaterhotels.lk/kalutara,,,
44,Avani Kalutara Resort,Kalutara,Hotel,Family;Couple,High,Click here to visit the website or get contact details.,https://www.avanihotels.com/kalutara,,,
45,Hotel Sunbeam,Kalutara,Hotel,Couple;Solo,Medium,Click here to visit the website or get contact details.,+94 34 1234567,,,
46,Mandara Resort,Kalutara,Hotel,Family;Couple,Medium,Click here to visit the website or get contact details.,+94 34 2345678,,,
47,Jetwing Ayurveda Pavilions,Kalutara,Hotel,Couple;Family,High,Click here to visit the website or get contact details.,https://www.jetwinghotels.com/jetwing-ayurveda-pavilions,,,
48,Kalutara Beach Hotel,Kalutara,Hotel,Family;Couple,Medium,Click here to visit the website or get contact details.,+94 34 3456789,,,
49,Goldi Sands Kalutara,Kalutara,Hotel,Couple;Family,Medium,Click here to visit the website or get contact details.,https://goldisands.com/kalutara,,,
50,Sea Breeze Villa,Kalutara,Villa,Couple;Family,Medium,Click here to visit the website or get contact details.,+94 34 4567890,,,
51,Kalutara Hills Villa,Kalutara,Villa,Couple;Family,High,Click here to visit the website or get contact details.,+94 77 9988776,,,
52,Casa Del Mar,Kalutara,Villa,Couple,High,Click here to visit the website or get contact details.,https://casadelmarkalutara.com,,,
53,Lagoon View Villa,Kalutara,Villa,Family;Couple,Medium,Click here to visit the website or get contact details.,+94 77 8877665,,,
54,Palmyra Villa,Kalutara,Villa,Couple;Solo,Medium,Click here to visit the website or get contact details.,+94 77 7766554,,,
55,Orchid Villa Kalutara,Kalutara,Villa,Couple;Family,High,Click here to visit the website or get contact details.,+94 77 6655443,,,
56,Sunset Villa,Kalutara,Villa,Family;Couple,Medium,Click here to visit the website or get contact details.,+94 77 5544332,,,
57,Bentota Beach Resort,Kalutara,Resort,Family;Couple,High,Click here to visit the website or get contact details.,https://www.bentotaresort.com,,,
58,Citrus Waskaduwa,Kalutara,Resort,Family;Couple,High,Click here to visit the website or get contact details.,https://www.citrusleisure.com/waskaduwa,,,
59,The Palms Hotel,Kalutara,Resort,Family;Couple,Medium,Click here to visit the website or get contact details.,+94 34 5678901,,,
60,Paradise Beach Resort,Kalutara,Resort,Family;Couple,Medium,Click here to visit the website or get contact details.,+94 77 3322110,,,
61,Jetwing Blue,Kalutara,Resort,Couple;Family,High,Click here to visit the website or get contact details.,https://www.jetwinghotels.com/jetwingblue,,,
62,Mangrove Resort,Kalutara,Resort,Family;Couple,Medium,Click here to visit the website or get contact details.,+94 34 6789012,,,
63,Kalutara Lagoon Resort,Kalutara,Resort,Family;Couple,Medium,Click here to visit the website or get contact details.,+94 77 4433221,,,
64,Aqua Resort,Kalutara,Resort,Family;Couple,Medium,Click here to visit the website or get contact details.,+94 77 1122334,,,
65,Earl’s Regency Kandy,Kandy,Hotel,Family;Couple,High,Click here to visit the website or get contact details.,https://www.earlsregency.com,,,
66,Cinnamon Citadel Kandy,Kandy,Hotel,Family;Couple,High,Click here to visit the website or get contact details.,https://www.cinnamonhotels.com/cinnamoncitadel,,,
67,The Kandy House,Kandy,Hotel,Couple;Solo,High,Click here to visit the website or get contact details.,https://www.thekandyhouse.com,,,
68,Mahaweli Reach Hotel,Kandy,Hotel,Family;Couple,Medium,Click here to visit the website or get contact details.,https://www.mahawelireach.com,,,
69,Hotel Suisse,Kandy,Hotel,Couple;Family,Medium,Click here to visit the website or get contact details.,https://www.hotelsuisse.com,,,
70,Amaya Hills,Kandy,Hotel,Family;Couple,High,Click here to visit the website or get contact details.,https://www.amayahotels.com/amayahills,,,
71,Serene Kandy Hotel,Kandy,Hotel,Solo;Couple,Medium,Click here to visit the website or get contact details.,+94 81 2223344,,,
72,Villa Rosa Kandy,Kandy,Villa,Couple;Family,High,Click here to visit the website or get contact details.,https://www.villarosakandy.com,,,
73,Amaya Residency,Kandy,Villa,Couple;Family,Medium,Click here to visit the website or get contact details.,https://www.amayahotels.com/residency,,,
74,Cedar Villa,Kandy,Villa,Couple;Solo,Medium,Click here to visit the website or get contact details.,+94 81 2233445,,,
75,Hillside Villa,Kandy,Villa,Couple;Family,High,Click here to visit the website or get contact details.,+94 77 9988776,,,
76,Serenity Villa Kandy,Kandy,Villa,Couple;Family,Medium,Click here to visit the website or get contact details.,+94 77 8877665,,,
77,Orchid Villa,Kandy,Villa,Couple;Solo,High,Click here to visit the website or get contact details.,+94 77 7766554,,,
78,Panorama Villa,Kandy,Villa,Family;Couple,Medium,Click here to visit the website or get contact details.,+94 77 6655443,,,
79,Earl’s Regency Resort,Kandy,Resort,Family;Couple,High,Click here to visit the website or get contact details.,https://www.earlsregency.com,,,
80,The Golden Crown Hotel & Resort,Kandy,Resort,Family;Couple,Medium,Click here to visit the website or get contact details.,+94 81 3344556,,,
81,Kandy View Resort,Kandy,Resort,Family;Couple,Medium,Click here to visit the website or get contact details.,+94 77 4433221,,,
82,Hillside Retreat,Kandy,Resort,Family;Couple,Medium,Click here to visit the website or get contact details.,+94 77 1122334,,,
83,Amaya Hills Resort,Kandy,Resort,Couple;Family,High,Click here to visit the website or get contact details.,https://www.amayahotels.com/amayahills,,,
84,Lilac Resort,Kandy,Resort,Family;Couple,Medium,Click here to visit the website or get contact details.,+94 77 5566778,,,
85,Kandy Lake Resort,Kandy,Resort,Couple;Family,High,Click here to visit the website or get contact details.,https://www.kandylakeresort.com,,,
86,Sigiriya Village Hotel,Matale,Hotel,Family;Couple,Medium,Click here to visit the website or get contact details.,https://www.sigiriyavillage.com,,,
87,Hotel Sigiriya,Matale,Hotel,Family;Couple,High,Click here to visit the website or get contact details.,https://www.hotelsigiriya.com,,,
88,Aliya Resort & Spa,Matale,Hotel,Family;Couple,High,Click here to visit the website or get contact details.,https://www.aliyaresort.com,,,
89,The Paradise Resort,Matale,Hotel,Couple;Family,Medium,Click here to visit the website or get contact details.,https://www.paradiseresort.lk,,,
90,Kassapa Lions Rock,Matale,Hotel,Couple;Family,High,Click here to visit the website or get contact details.,https://www.kassapalionrock.com,,,
91,Pelwehera Village Resort,Matale,Hotel,Family;Couple,Medium,Click here to visit the website or get contact details.,+94 66 2281234,,,
92,Sigiriya Jungles Hotel,Matale,Hotel,Couple;Family,High,Click here to visit the website or get contact details.,https://www.sigiriyajungles.com,,,
93,Sigiriya Water Garden Villa,Matale,Villa,Couple;Family,High,Click here to visit the website or get contact details.,https://www.watergardensigiriya.com,,,
94,Jungle Vista Villa,Matale,Villa,Couple;Solo,Medium,Click here to visit the website or get contact details.,+94 77 5544332,,,
95,Lion Rock Villa,Matale,Villa,Couple;Family,Medium,Click here to visit the website or get contact details.,+94 77 6655443,,,
96,Serenity Sigiriya Villa,Matale,Villa,Couple;Family,High,Click here to visit the website or get contact details.,+94 77 7766554,,,
97,Dambulla Hills Villa,Matale,Villa,Family;Couple,Medium,Click here to visit the website or get contact details.,+94 77 8877665,,,
98,Sigiriya Forest Villa,Matale,Villa,Couple;Family,High,Click here to visit the website or get contact details.,+94 77 9988776,,,
99,Orchid Villa Sigiriya,Matale,Villa,Couple;Solo,Medium,Click here to visit the website or get contact details.,+94 77 3322110,,,
100,Cinnamon Lodge Habarana,Matale,Resort,Family;Couple,High,Click here to visit the website or get contact details.,https://www.cinnamonhotels.com/cinnamonlodgehabarana,,,
101,Amaya Lake Dambulla,Matale,Resort,Family;Couple,High,Click here to visit the website or get contact details.,https://www.amayahotels.com/amayalake,,,
102,Sigiriya Village Resort,Matale,Resort,Family;Couple,Medium,Click here to visit the website or get contact details.,+94 66 2287654,,,
103,Kassapa Lions Rock Resort,Matale,Resort,Couple;Family,High,Click here to visit the website or get contact details.,https://www.kassapalionrock.com,,,
104,Sungreen Resort,Matale,Resort,Family;Couple,Medium,Click here to visit the website or get contact details.,+94 66 2276543,,,
105,Lake View Resort Dambulla,Matale,Resort,Family;Couple,Medium,Click here to visit the website or get contact details.,+94 77 1122334,,,
106,Sigiriya Nature Resort,Matale,Resort,Couple;Family,Medium,Click here to visit the website or get contact details.,+94 77 2233445,,,
107,Grand Hotel Nuwara Eliya,Nuwara Eliya,Hotel,Family;Couple,High,Click here to visit the website or get contact details.,https://www.grandhotel.lk,,,
108,St. Andrew’s Hotel,Nuwara Eliya,Hotel,Couple;Family,Medium,Click here to visit the website or get contact details.,https://www.standrews.lk,,,
109,Heritance Tea Factory,Nuwara Eliya,Hotel,Family;Couple,High,Click here to visit the website or get contact details.,https://www.heritancehotels.com/heritance-tea-factory,,,
110,Jetwing Warwick Gardens,Nuwara Eliya,Hotel,Couple;Family,High,Click here to visit the website or get contact details.,https://www.jetwinghotels.com/warwickgardens,,,
111,The Hill Club,Nuwara Eliya,Hotel,Family;Couple,High,Click here to visit the website or get contact details.,https://www.thehillclub.com,,,
112,Araliya Green Hills Hotel,Nuwara Eliya,Hotel,Family;Couple,Medium,Click here to visit the website or get contact details.,https://www.araliyagreenhills.com,,,
113,Queens Hotel,Nuwara Eliya,Hotel,Couple;Solo,Medium,Click here to visit the website or get contact details.,https://www.queenshotelnuwaraeliya.com,,,
114,Pine Hill Villa,Nuwara Eliya,Villa,Couple;Family,High,Click here to visit the website or get contact details.,+94 77 9988776,,,
115,Ceylon Tea Trails Villa,Nuwara Eliya,Villa,Couple;Family,High,Click here to visit the website or get contact details.,https://www.teatrails.lk,,,
116,St. Mary’s Villa,Nuwara Eliya,Villa,Couple;Solo,Medium,Click here to visit the website or get contact details.,+94 77 8877665,,,
117,Glenloch Villa,Nuwara Eliya,Villa,Family;Couple,Medium,Click here to visit the website or get contact details.,+94 77 7766554,,,
118,Hilltop Villa,Nuwara Eliya,Villa,Couple;Family,Medium,Click here to visit the website or get contact details.,+94 77 6655443,,,
119,Evergreen Villa,Nuwara Eliya,Villa,Couple;Solo,Medium,Click here to visit the website or get contact details.,+94 77 5544332,,,
120,Fernhill Villa,Nuwara Eliya,Villa,Family;Couple,High,Click here to visit the website or get contact details.,+94 77 4433221,,,
121,Heritance Tea Factory Resort,Nuwara Eliya,Resort,Family;Couple,High,Click here to visit the website or get contact details.,https://www.heritancehotels.com/heritance-tea-factory,,,
122,Galway Forest Lodge,Nuwara Eliya,Resort,Couple;Family,Medium,Click here to visit the website or get contact details.,+94 77 3322110,,,
123,Grand Hotel Resort,Nuwara Eliya,Resort,Family;Couple,High,Click here to visit the website or get contact details.,https://www.grandhotel.lk,,,
124,Jetwing Warwick Resort,Nuwara Eliya,Resort,Couple;Family,High,Click here to visit the website or get contact details.,https://www.jetwinghotels.com/warwickgardens,,,
125,The Blackpool Resort,Nuwara Eliya,Resort,Family;Couple,Medium,Click here to visit the website or get contact details.,+94 77 1122334,,,
126,Panorama Resort,Nuwara Eliya,Resort,Family;Couple,Medium,Click here to visit the website or get contact details.,+94 77 2233445,,,
127,Fox Hill Resort,Nuwara Eliya,Resort,Couple;Family,Medium,Click here to visit the website or get contact details.,+94 77 3344556,,,
128,Amari Galle,Galle,Hotel,Family;Couple,High,Click here to visit the website or get contact details.,https://www.amari.com/galle,,,
129,Jetwing Lighthouse,Galle,Hotel,Family;Couple,High,Click here to visit the website or get contact details.,https://www.jetwinghotels.com/lighthouse,,,
130,The Fort Printers,Galle,Hotel,Couple;Solo,Medium,Click here to visit the website or get contact details.,https://www.fortprinters.com,,,
131,Galle Face Hotel,Galle,Hotel,Family;Couple,High,Click here to visit the website or get contact details.,https://www.gallefacehotel.com,,,
132,Fort Bazaar,Galle,Hotel,Couple;Family,Medium,Click here to visit the website or get contact details.,https://www.fortbazaar.com,,,
133,The Wallawwa,Galle,Hotel,Family;Couple,Medium,Click here to visit the website or get contact details.,https://www.thewallawwa.com,,,
134,Aditya Hotel Galle,Galle,Hotel,Couple;Solo,Medium,Click here to visit the website or get contact details.,+94 91 2233445,,,
135,Ocean View Villa,Galle,Villa,Couple;Family,High,Click here to visit the website or get contact details.,+94 77 9988776,,,
136,Fort Villa Galle,Galle,Villa,Couple;Family,Medium,Click here to visit the website or get contact details.,+94 77 8877665,,,
137,Lighthouse Villa,Galle,Villa,Couple;Solo,High,Click here to visit the website or get contact details.,+94 77 7766554,,,
138,Sunset Villa,Galle,Villa,Couple;Family,Medium,Click here to visit the website or get contact details.,+94 77 6655443,,,
139,Coral Villa,Galle,Villa,Family;Couple,Medium,Click here to visit the website or get contact details.,+94 77 5544332,,,
140,Palm Villa,Galle,Villa,Couple;Family,High,Click here to visit the website or get contact details.,+94 77 4433221,,,
141,The Fort Villa,Galle,Villa,Family;Couple,Medium,Click here to visit the website or get contact details.,+94 77 3322110,,,
142,Amari Galle Resort,Galle,Resort,Family;Couple,High,Click here to visit the website or get contact details.,https://www.amari.com/galle,,,
143,Jetwing Lighthouse Resort,Galle,Resort,Family;Couple,High,Click here to visit the website or get contact details.,https://www.jetwinghotels.com/lighthouse,,,
144,Coral Sands Resort,Galle,Resort,Couple;Family,Medium,Click here to visit the website or get contact details.,+94 91 3344556,,,
145,Fort Retreat Resort,Galle,Resort,Family;Couple,Medium,Click here to visit the website or get contact details.,+94 77 1122334,,,
146,Palm Beach Resort,Galle,Resort,Family;Couple,Medium,Click here to visit the website or get contact details.,+94 77 2233445,,,
147,Ocean Breeze Resort,Galle,Resort,Couple;Family,High,Click here to visit the website or get contact details.,+94 77 3344556,,,
148,Galle Bay Resort,Galle,Resort,Family;Couple,Medium,Click here to visit the website or get contact details.,+94 77 5566778,,,
149,The Fortress Resort & Spa,Matara,Hotel,Family;Couple,High,Click here to visit the website or get contact details.,https://www.fortressresort.com,,,
150,Centara Ceysands Resort,Matara,Hotel,Family;Couple,High,Click here to visit the website or get contact details.,https://www.centarahotelsresorts.com/ceysands,,,
151,Calm Resort,Matara,Hotel,Couple;Family,Medium,Click here to visit the website or get contact details.,+94 41 2276543,,,
152,Lamunu Villa Hotel,Matara,Hotel,Family;Couple,Medium,Click here to visit the website or get contact details.,+94 41 2287654,,,
153,Cocoon Resort,Matara,Hotel,Couple;Solo,Medium,Click here to visit the website or get contact details.,+94 41 2233445,,,
154,Paradise Beach Hotel,Matara,Hotel,Family;Couple,High,Click here to visit the website or get contact details.,+94 77 9988776,,,
155,Ocean Pearl Hotel,Matara,Hotel,Family;Couple,Medium,Click here to visit the website or get contact details.,+94 77 8877665,,,
156,Palm Breeze Villa,Matara,Villa,Couple;Family,High,Click here to visit the website or get contact details.,+94 77 7766554,,,
157,Sea View Villa,Matara,Villa,Couple;Family,Medium,Click here to visit the website or get contact details.,+94 77 6655443,,,
158,Coral Bay Villa,Matara,Villa,Couple;Solo,Medium,Click here to visit the website or get contact details.,+94 77 5544332,,,
159,Sunset Villa,Matara,Villa,Family;Couple,High,Click here to visit the website or get contact details.,+94 77 4433221,,,
160,Palm Hill Villa,Matara,Villa,Couple;Family,Medium,Click here to visit the website or get contact details.,+94 77 3322110,,,
161,Ocean Breeze Villa,Matara,Villa,Couple;Family,High,Click here to visit the website or get contact details.,+94 77 1122334,,,
162,Paradise Villa,Matara,Villa,Family;Couple,Medium,Click here to visit the website or get contact details.,+94 77 2233445,,,
163,The Fortress Beach Resort,Matara,Resort,Family;Couple,High,Click here to visit the website or get contact details.,https://www.fortressresort.com,,,
164,Centara Ceysands Resort,Matara,Resort,Family;Couple,High,Click here to visit the website or get contact details.,https://www.centarahotelsresorts.com/ceysands,,,
165,Coral Sands Resort,Matara,Resort,Family;Couple,Medium,Click here to visit the website or get contact details.,+94 41 3344556,,,
166,Palm Beach Resort,Matara,Resort,Family;Couple,Medium,Click here to visit the website or get contact details.,+94 77 5566778,,,
167,Ocean View Resort,Matara,Resort,Couple;Family,Medium,Click here to visit the website or get contact details.,+94 77 6677889,,,
168,Paradise Bay Resort,Matara,Resort,Family;Couple,High,Click here to visit the website or get contact details.,+94 77 7788990,,,
169,Matara Bay Resort,Matara,Resort,Family;Couple,Medium,Click here to visit the website or get contact details.,+94 41 2233446,,,
170,Cinnamon Wild Yala,Hambantota,Hotel,Family;Couple,High,Click here to visit the website or get contact details.,https://www.cinnamonhotels.com/cinnamonwildyala,,,
171,Jetwing Yala,Hambantota,Hotel,Family;Couple,High,Click here to visit the website or get contact details.,https://www.jetwinghotels.com/yala,,,
172,Yala Safari Hotel,Hambantota,Hotel,Couple;Family,Medium,Click here to visit the website or get contact details.,+94 47 2276543,,,
173,Wild Coast Tented Lodge,Hambantota,Hotel,Family;Couple,High,Click here to visit the website or get contact details.,https://www.wildcoast.lk,,,
174,Kulu Safaris Lodge,Hambantota,Hotel,Family;Couple,Medium,Click here to visit the website or get contact details.,+94 77 9988776,,,
175,Elephant Rock Hotel,Hambantota,Hotel,Couple;Family,Medium,Click here to visit the website or get contact details.,+94 77 8877665,,,
176,Palms Safari Hotel,Hambantota,Hotel,Family;Couple,Medium,Click here to visit the website or get contact details.,+94 77 7766554,,,
177,Yala Forest Villa,Hambantota,Villa,Couple;Family,High,Click here to visit the website or get contact details.,+94 77 6655443,,,
178,Leopard Rock Villa,Hambantota,Villa,Couple;Solo,High,Click here to visit the website or get contact details.,+94 77 5544332,,,
179,Jungle Retreat Villa,Hambantota,Villa,Family;Couple,Medium,Click here to visit the website or get contact details.,+94 77 4433221,,,
180,Safari Hills Villa,Hambantota,Villa,Couple;Family,Medium,Click here to visit the website or get contact details.,+94 77 3322110,,,
181,Wildwood Villa,Hambantota,Villa,Family;Couple,Medium,Click here to visit the website or get contact details.,+94 77 1122334,,,
182,Yala Sunset Villa,Hambantota,Villa,Couple;Family,High,Click here to visit the website or get contact details.,+94 77 2233445,,,
183,Elephant Plains Villa,Hambantota,Villa,Family;Couple,Medium,Click here to visit the website or get contact details.,+94 77 3344556,,,
184,Cinnamon Wild Yala Resort,Hambantota,Resort,Family;Couple,High,Click here to visit the website or get contact details.,https://www.cinnamonhotels.com/cinnamonwildyala,,,
185,Jetwing Yala Resort,Hambantota,Resort,Family;Couple,High,Click here to visit the website or get contact details.,https://www.jetwinghotels.com/yala,,,
186,Leopard Safari Resort,Hambantota,Resort,Family;Couple,Medium,Click here to visit the website or get contact details.,+94 47 3344556,,,
187,Wild Coast Resort,Hambantota,Resort,Family;Couple,High,Click here to visit the website or get contact details.,https://www.wildcoast.lk,,,
188,Jungle View Resort,Hambantota,Resort,Couple;Family,Medium,Click here to visit the website or get contact details.,+94 77 5566778,,,
189,Safari Breeze Resort,Hambantota,Resort,Family;Couple,Medium,Click here to visit the website or get contact details.,+94 77 6677889,,,
190,Elephant Bay Resort,Hambantota,Resort,Family;Couple,Medium,Click here to visit the website or get contact details.,+94 77 7788990,,,
191,Jetwing Jaffna,Jaffna,Hotel,Family;Couple,High,Click here to visit the website or get contact details.,https://www.jetwinghotels.com/jaffna,,,
192,Jaffna Grand Hotel,Jaffna,Hotel,Family;Couple,Medium,Click here to visit the website or get contact details.,+94 21 2276543,,,
193,Uthayan Guest House,Jaffna,Hotel,Couple;Solo,Medium,Click here to visit the website or get contact details.,+94 21 2287654,,,
194,Nallur Residency,Jaffna,Hotel,Couple;Family,Medium,Click here to visit the website or get contact details.,+94 21 2233445,,,
195,Jaffna City Hotel,Jaffna,Hotel,Family;Couple,Medium,Click here to visit the website or get contact details.,+94 21 3344556,,,
196,Ananya Hotel,Jaffna,Hotel,Couple;Solo,Medium,Click here to visit the website or get contact details.,+94 21 4433221,,,
197,Palmyrah Residency,Jaffna,Hotel,Family;Couple,Medium,Click here to visit the website or get contact details.,+94 21 5566778,,,
198,Sangam Villa,Jaffna,Villa,Couple;Family,High,Click here to visit the website or get contact details.,+94 77 9988776,,,
199,Fort Villa Jaffna,Jaffna,Villa,Couple;Solo,Medium,Click here to visit the website or get contact details.,+94 77 8877665,,,
200,Ocean Breeze Villa,Jaffna,Villa,Couple;Family,Medium,Click here to visit the website or get contact details.,+94 77 7766554,,,
201,Heritage Villa,Jaffna,Villa,Family;Couple,Medium,Click here to visit the website or get contact details.,+94 77 6655443,,,
202,Green Garden Villa,Jaffna,Villa,Couple;Family,Medium,Click here to visit the website or get contact details.,+94 77 5544332,,,
203,Coral Bay Villa,Jaffna,Villa,Family;Couple,Medium,Click here to visit the website or get contact details.,+94 77 4433221,,,
204,Sunrise Villa,Jaffna,Villa,Couple;Family,High,Click here to visit the website or get contact details.,+94 77 3322110,,,
205,Jetwing Jaffna Resort,Jaffna,Resort,Family;Couple,High,Click here to visit the website or get contact details.,https://www.jetwinghotels.com/jaffna,,,
206,Nallur Residency Resort,Jaffna,Resort,Family;Couple,Medium,Click here to visit the website or get contact details.,+94 21 7788990,,,
207,Palmyrah Bay Resort,Jaffna,Resort,Family;Couple,Medium,Click here to visit the website or get contact details.,+94 77 6677889,,,
208,Sangam Beach Resort,Jaffna,Resort,Family;Couple,Medium,Click here to visit the website or get contact details.,+94 77 5566778,,,
209,Coral Sands Resort,Jaffna,Resort,Couple;Family,Medium,Click here to visit the website or get contact details.,+94 77 3344556,,,
210,Heritage Beach Resort,Jaffna,Resort,Family;Couple,High,Click here to visit the website or get contact details.,+94 77 2233445,,,
211,Ocean View Resort,Jaffna,Resort,Family;Couple,Medium,Click here to visit the website or get contact details.,+94 77 1122334,,,
212,Kilinochchi Grand Hotel,Kilinochchi,Hotel,Family;Couple,Medium,Click here to visit the website or get contact details.,+94 21 2276543,,,
213,Star Residency Kilinochchi,Kilinochchi,Hotel,Couple;Solo,Medium,Click here to visit the website or get contact details.,+94 21 2287654,,,
214,Palm Hotel Kilinochchi,Kilinochchi,Hotel,Family;Couple,Medium,Click here to visit the website or get contact details.,+94 21 2233445,,,
215,Green Leaf Hotel,Kilinochchi,Hotel,Couple;Family,Medium,Click here to visit the website or get contact details.,+94 21 3344556,,,
216,Serene Stay Kilinochchi,Kilinochchi,Hotel,Couple;Solo,Medium,Click here to visit the website or get contact details.,+94 21 4433221,,,
217,Oasis Hotel,Kilinochchi,Hotel,Family;Couple,Medium,Click here to visit the website or get contact details.,+94 21 5566778,,,
218,Horizon Hotel,Kilinochchi,Hotel,Couple;Family,Medium,Click here to visit the website or get contact details.,+94 21 6677889,,,
219,Kilinochchi Villa,Kilinochchi,Villa,Couple;Family,Medium,Click here to visit the website or get contact details.,+94 77 9988776,,,
220,Sunset Villa,Kilinochchi,Villa,Family;Couple,Medium,Click here to visit the website or get contact details.,+94 77 8877665,,,
221,Green Garden Villa,Kilinochchi,Villa,Couple;Family,Medium,Click here to visit the website or get contact details.,+94 77 7766554,,,
222,Palm Breeze Villa,Kilinochchi,Villa,Family;Couple,Medium,Click here to visit the website or get contact details.,+94 77 6655443,,,
223,Oasis Villa,Kilinochchi,Villa,Couple;Solo,Medium,Click here to visit the website or get contact details.,+94 77 5544332,,,
224,Horizon Villa,Kilinochchi,Villa,Couple;Family,Medium,Click here to visit the website or get contact details.,+94 77 4433221,,,
225,Serene Villa,Kilinochchi,Villa,Family;Couple,Medium,Click here to visit the website or get contact details.,+94 77 3322110,,,
226,Kilinochchi Resort,Kilinochchi,Resort,Family;Couple,Medium,Click here to visit the website or get contact details.,+94 21 7788990,,,
227,Green Leaf Resort,Kilinochchi,Resort,Family;Couple,Medium,Click here to visit the website or get contact details.,+94 77 6677889,,,
228,Palm Beach Resort,Kilinochchi,Resort,Couple;Family,Medium,Click here to visit the website or get contact details.,+94 77 5566778,,,
229,Oasis Bay Resort,Kilinochchi,Resort,Family;Couple,Medium,Click here to visit the website or get contact details.,+94 77 3344556,,,
230,Horizon Bay Resort,Kilinochchi,Resort,Couple;Family,Medium,Click here to visit the website or get contact details.,+94 77 2233445,,,
231,Serene Bay Resort,Kilinochchi,Resort,Family;Couple,Medium,Click here to visit the website or get contact details.,+94 77 1122334,,,
232,Sunset Bay Resort,Kilinochchi,Resort,Family;Couple,Medium,Click here to visit the website or get contact details.,+94 77 9988221,,,
233,Mannar Grand Hotel,Mannar,Hotel,Family;Couple,Medium,Click here to visit the website or get contact details.,+94 23 2276543,,,
234,Palmyrah Hotel,Mannar,Hotel,Couple;Solo,Medium,Click here to visit the website or get contact details.,+94 23 2287654,,,
235,Ocean Breeze Hotel,Mannar,Hotel,Family;Couple,Medium,Click here to visit the website or get contact details.,+94 23 2233445,,,
236,Horizon Hotel Mannar,Mannar,Hotel,Couple;Family,Medium,Click here to visit the website or get contact details.,+94 23 3344556,,,
237,Serene Stay Mannar,Mannar,Hotel,Couple;Solo,Medium,Click here to visit the website or get contact details.,+94 23 4433221,,,
238,Oasis Hotel Mannar,Mannar,Hotel,Family;Couple,Medium,Click here to visit the website or get contact details.,+94 23 5566778,,,
239,Green Leaf Hotel Mannar,Mannar,Hotel,Couple;Family,Medium,Click here to visit the website or get contact details.,+94 23 6677889,,,
240,Palmyrah Villa,Mannar,Villa,Couple;Family,Medium,Click here to visit the website or get contact details.,+94 77 9988776,,,
241,Sunset Villa Mannar,Mannar,Villa,Family;Couple,Medium,Click here to visit the website or get contact details.,+94 77 8877665,,,
242,Green Garden Villa Mannar,Mannar,Villa,Couple;Family,Medium,Click here to visit the website or get contact details.,+94 77 7766554,,,
243,Oasis Villa Mannar,Mannar,Villa,Family;Couple,Medium,Click here to visit the website or get contact details.,+94 77 6655443,,,
244,Horizon Villa Mannar,Mannar,Villa,Couple;Solo,Medium,Click here to visit the website or get contact details.,+94 77 5544332,,,
245,Serene Villa Mannar,Mannar,Villa,Couple;Family,Medium,Click here to visit the website or get contact details.,+94 77 4433221,,,
246,Palm Bay Villa,Mannar,Villa,Family;Couple,Medium,Click here to visit the website or get contact details.,+94 77 3322110,,,
247,Mannar Resort,Mannar,Resort,Family;Couple,Medium,Click here to visit the website or get contact details.,+94 23 7788990,,,
248,Green Leaf Resort Mannar,Mannar,Resort,Family;Couple,Medium,Click here to visit the website or get contact details.,+94 77 6677889,,,
249,Palm Beach Resort Mannar,Mannar,Resort,Couple;Family,Medium,Click here to visit the website or get contact details.,+94 77 5566778,,,
250,Oasis Bay Resort Mannar,Mannar,Resort,Family;Couple,Medium,Click here to visit the website or get contact details.,+94 77 3344556,,,
251,Horizon Bay Resort Mannar,Mannar,Resort,Couple;Family,Medium,Click here to visit the website or get contact details.,+94 77 2233445,,,
252,Serene Bay Resort Mannar,Mannar,Resort,Family;Couple,Medium,Click here to visit the website or get contact details.,+94 77 1122334,,,
253,Sunset Bay Resort Mannar,Mannar,Resort,Family;Couple,Medium,Click here to visit the website or get contact details.,+94 77 9988221,,,
254,Vavuniya Grand Hotel,Vavuniya,Hotel,Family;Couple,Medium,Click here to visit the website or get contact details.,+94 24 2276543,,,
255,Star Residency Vavuniya,Vavuniya,Hotel,Couple;Solo,Medium,Click here to visit the website or get contact details.,+94 24 2287654,,,
256,Oasis Hotel Vavuniya,Vavuniya,Hotel,Family;Couple,Medium,Click here to visit the website or get contact details.,+94 24 2233445,,,
257,Horizon Hotel Vavuniya,Vavuniya,Hotel,Couple;Family,Medium,Click here to visit the website or get contact details.,+94 24 3344556,,,
258,Serene Stay Vavuniya,Vavuniya,Hotel,Couple;Solo,Medium,Click here to visit the website or get contact details.,+94 24 4433221,,,
259,Green Leaf Hotel Vavuniya,Vavuniya,Hotel,Family;Couple,Medium,Click here to visit the website or get contact details.,+94 24 5566778,,,
260,Palm Residency Vavuniya,Vavuniya,Hotel,Couple;Family,Medium,Click here to visit the website or get contact details.,+94 24 6677889,,,
261,Horizon Villa Vavuniya,Vavuniya,Villa,Couple;Family,Medium,Click here to visit the website or get contact details.,+94 77 9988776,,,
262,Green Garden Villa Vavuniya,Vavuniya,Villa,Family;Couple,Medium,Click here to visit the website or get contact details.,+94 77 8877665,,,
263,Oasis Villa Vavuniya,Vavuniya,Villa,Couple;Family,Medium,Click here to visit the website or get contact details.,+94 77 7766554,,,
264,Serene Villa Vavuniya,Vavuniya,Villa,Family;Couple,Medium,Click here to visit the website or get contact details.,+94 77 6655443,,,
265,Palm Breeze Villa Vavuniya,Vavuniya,Villa,Couple;Solo,Medium,Click here to visit the website or get contact details.,+94 77 5544332,,,
266,Sunset Villa Vavuniya,Vavuniya,Villa,Couple;Family,Medium,Click here to visit the website or get contact details.,+94 77 4433221,,,
267,Horizon Bay Villa Vavuniya,Vavuniya,Villa,Family;Couple,Medium,Click here to visit the website or get contact details.,+94 77 3322110,,,
268,Vavuniya Resort,Vavuniya,Resort,Family;Couple,Medium,Click here to visit the website or get contact details.,+94 24 7788990,,,
269,Green Leaf Resort Vavuniya,Vavuniya,Resort,Family;Couple,Medium,Click here to visit the website or get contact details.,+94 77 6677889,,,
270,Palm Bay Resort Vavuniya,Vavuniya,Resort,Couple;Family,Medium,Click here to visit the website or get contact details.,+94 77 5566778,,,
271,Oasis Bay Resort Vavuniya,Vavuniya,Resort,Family;Couple,Medium,Click here to visit the website or get contact details.,+94 77 3344556,,,
272,Serene Bay Resort Vavuniya,Vavuniya,Resort,Couple;Family,Medium,Click here to visit the website or get contact details.,+94 77 2233445,,,
273,Sunset Bay Resort Vavuniya,Vavuniya,Resort,Family;Couple,Medium,Click here to visit the website or get contact details.,+94 77 1122334,,,
274,Horizon Beach Resort Vavuniya,Vavuniya,Resort,Family;Couple,Medium,Click here to visit the website or get contact details.,+94 77 9988221,,,
275,Mullaitivu Grand Hotel,Mullaitivu,Hotel,Family;Couple,Medium,Click here to visit the website or get contact details.,+94 23 2276543,,,
276,Palmyrah Residency Mullaitivu,Mullaitivu,Hotel,Couple;Solo,Medium,Click here to visit the website or get contact details.,+94 23 2287654,,,
277,Horizon Hotel Mullaitivu,Mullaitivu,Hotel,Family;Couple,Medium,Click here to visit the website or get contact details.,+94 23 2233445,,,
278,Serene Stay Mullaitivu,Mullaitivu,Hotel,Couple;Family,Medium,Click here to visit the website or get contact details.,+94 23 3344556,,,
279,Oasis Hotel Mullaitivu,Mullaitivu,Hotel,Couple;Solo,Medium,Click here to visit the website or get contact details.,+94 23 4433221,,,
280,Green Leaf Hotel Mullaitivu,Mullaitivu,Hotel,Family;Couple,Medium,Click here to visit the website or get contact details.,+94 23 5566778,,,
281,Sunset Hotel Mullaitivu,Mullaitivu,Hotel,Couple;Family,Medium,Click here to visit the website or get contact details.,+94 23 6677889,,,
282,Mullaitivu Villa,Mullaitivu,Villa,Couple;Family,Medium,Click here to visit the website or get contact details.,+94 77 9988776,,,
283,Ocean Breeze Villa Mullaitivu,Mullaitivu,Villa,Family;Couple,Medium,Click here to visit the website or get contact details.,+94 77 8877665,,,
284,Horizon Villa Mullaitivu,Mullaitivu,Villa,Couple;Family,Medium,Click here to visit the website or get contact details.,+94 77 7766554,,,
285,Serene Villa Mullaitivu,Mullaitivu,Villa,Family;Couple,Medium,Click here to visit the website or get contact details.,+94 77 6655443,,,
286,Green Garden Villa Mullaitivu,Mullaitivu,Villa,Couple;Solo,Medium,Click here to visit the website or get contact details.,+94 77 5544332,,,
287,Palm Bay Villa Mullaitivu,Mullaitivu,Villa,Couple;Family,Medium,Click here to visit the website or get contact details.,+94 77 4433221,,,
288,Sunset Bay Villa Mullaitivu,Mullaitivu,Villa,Family;Couple,Medium,Click here to visit the website or get contact details.,+94 77 3322110,,,
289,Mullaitivu Resort,Mullaitivu,Resort,Family;Couple,Medium,Click here to visit the website or get contact details.,+94 23 7788990,,,
290,Palm Bay Resort Mullaitivu,Mullaitivu,Resort,Family;Couple,Medium,Click here to visit the website or get contact details.,+94 77 6677889,,,
291,Horizon Bay Resort Mullaitivu,Mullaitivu,Resort,Couple;Family,Medium,Click here to visit the website or get contact details.,+94 77 5566778,,,
292,Serene Bay Resort Mullaitivu,Mullaitivu,Resort,Family;Couple,Medium,Click here to visit the website or get contact details.,+94 77 3344556,,,
293,Sunset Bay Resort Mullaitivu,Mullaitivu,Resort,Couple;Family,Medium,Click here to visit the website or get contact details.,+94 77 2233445,,,
294,Green Leaf Resort Mullaitivu,Mullaitivu,Resort,Family;Couple,Medium,Click here to visit the website or get contact details.,+94 77 1122334,,,
295,Ocean View Resort Mullaitivu,Mullaitivu,Resort,Family;Couple,Medium,Click here to visit the website or get contact details.,+94 77 9988221,,,
296,Batticaloa Grand Hotel,Batticaloa,Hotel,Family;Couple,Medium,Click here to visit the website or get contact details.,+94 65 2223344,,,
297,Star Residency Batticaloa,Batticaloa,Hotel,Couple;Solo,Medium,Click here to visit the website or get contact details.,+94 65 2234455,,,
298,Ocean Breeze Hotel Batticaloa,Batticaloa,Hotel,Family;Couple,Medium,Click here to visit the website or get contact details.,+94 65 2245566,,,
299,Horizon Hotel Batticaloa,Batticaloa,Hotel,Couple;Family,Medium,Click here to visit the website or get contact details.,+94 65 2256677,,,
300,Serene Stay Batticaloa,Batticaloa,Hotel,Couple;Solo,Medium,Click here to visit the website or get contact details.,+94 65 2267788,,,
301,Palm Residency Batticaloa,Batticaloa,Hotel,Family;Couple,Medium,Click here to visit the website or get contact details.,+94 65 2278899,,,
302,Green Leaf Hotel Batticaloa,Batticaloa,Hotel,Couple;Family,Medium,Click here to visit the website or get contact details.,+94 65 2289900,,,
303,Horizon Villa Batticaloa,Batticaloa,Villa,Couple;Family,Medium,Click here to visit the website or get contact details.,https://www.google.com/search?q=Horizon+Villa+Batticaloa,,,
304,Sunset Villa Batticaloa,Batticaloa,Villa,Family;Couple,Medium,Click here to visit the website or get contact details.,https://www.google.com/search?q=Sunset+Villa+Batticaloa,,,
305,Green Garden Villa Batticaloa,Batticaloa,Villa,Couple;Family,Medium,Click here to visit the website or get contact details.,https://www.google.com/search?q=Green+Garden+Villa+Batticaloa,,,
306,Palm Breeze Villa Batticaloa,Batticaloa,Villa,Family;Couple,Medium,Click here to visit the website or get contact details.,https://www.google.com/search?q=Palm+Breeze+Villa+Batticaloa,,,
307,Oasis Villa Batticaloa,Batticaloa,Villa,Couple;Solo,Medium,Click here to visit the website or get contact details.,https://www.google.com/search?q=Oasis+Villa+Batticaloa,,,
308,Serene Villa Batticaloa,Batticaloa,Villa,Couple;Family,Medium,Click here to visit the website or get contact details.,https://www.google.com/search?q=Serene+Villa+Batticaloa,,,
309,Palm Bay Villa Batticaloa,Batticaloa,Villa,Family;Couple,Medium,Click here to visit the website or get contact details.,https://www.google.com/search?q=Palm+Bay+Villa+Batticaloa,,,
310,Batticaloa Resort,Batticaloa,Resort,Family;Couple,Medium,Click here to visit the website or get contact details.,https://www.google.com/search?q=Batticaloa+Resort,,,
311,Green Leaf Resort Batticaloa,Batticaloa,Resort,Family;Couple,Medium,Click here to visit the website or get contact details.,https://www.google.com/search?q=Green+Leaf+Resort+Batticaloa,,,
312,Palm Bay Resort Batticaloa,Batticaloa,Resort,Couple;Family,Medium,Click here to visit the website or get contact details.,https://www.google.com/search?q=Palm+Bay+Resort+Batticaloa,,,
313,Oasis Bay Resort Batticaloa,Batticaloa,Resort,Family;Couple,Medium,Click here to visit the website or get contact details.,https://www.google.com/search?q=Oasis+Bay+Resort+Batticaloa,,,
314,Horizon Bay Resort Batticaloa,Batticaloa,Resort,Couple;Family,Medium,Click here to visit the website or get contact details.,https://www.google.com/search?q=Horizon+Bay+Resort+Batticaloa,,,
315,Serene Bay Resort Batticaloa,Batticaloa,Resort,Family;Couple,Medium,Click here to visit the website or get contact details.,https://www.google.com/search?q=Serene+Bay+Resort+Batticaloa,,,
316,Sunset Bay Resort Batticaloa,Batticaloa,Resort,Family;Couple,Medium,Click here to visit the website or get contact details.,https://www.google.com/search?q=Sunset+Bay+Resort+Batticaloa,,,
317,Ampara Grand Hotel,Ampara,Hotel,Family;Couple,Medium,Click here to visit the website or get contact details.,+94 67 2223344,,,
318,Star Residency Ampara,Ampara,Hotel,Couple;Solo,Medium,Click here to visit the website or get contact details.,+94 67 2234455,,,
319,Horizon Hotel Ampara,Ampara,Hotel,Family;Couple,Medium,Click here to visit the website or get contact details.,+94 67 2245566,,,
320,Serene Stay Ampara,Ampara,Hotel,Couple;Family,Medium,Click here to visit the website or get contact details.,+94 67 2256677,,,
321,Palm Residency Ampara,Ampara,Hotel,Couple;Solo,Medium,Click here to visit the website or get contact details.,+94 67 2267788,,,
322,Green Leaf Hotel Ampara,Ampara,Hotel,Family;Couple,Medium,Click here to visit the website or get contact details.,+94 67 2278899,,,
323,Sunset Hotel Ampara,Ampara,Hotel,Couple;Family,Medium,Click here to visit the website or get contact details.,+94 67 2289900,,,
324,Horizon Villa Ampara,Ampara,Villa,Couple;Family,Medium,Click here to visit the website or get contact details.,https://www.google.com/search?q=Horizon+Villa+Ampara,,,
325,Green Garden Villa Ampara,Ampara,Villa,Family;Couple,Medium,Click here to visit the website or get contact details.,https://www.google.com/search?q=Green+Garden+Villa+Ampara,,,
326,Palm Breeze Villa Ampara,Ampara,Villa,Couple;Family,Medium,Click here to visit the website or get contact details.,https://www.google.com/search?q=Palm+Breeze+Villa+Ampara,,,
327,Serene Villa Ampara,Ampara,Villa,Family;Couple,Medium,Click here to visit the website or get contact details.,https://www.google.com/search?q=Serene+Villa+Ampara,,,
328,Sunset Villa Ampara,Ampara,Villa,Couple;Solo,Medium,Click here to visit the website or get contact details.,https://www.google.com/search?q=Sunset+Villa+Ampara,,,
329,Oasis Villa Ampara,Ampara,Villa,Couple;Family,Medium,Click here to visit the website or get contact details.,https://www.google.com/search?q=Oasis+Villa+Ampara,,,
330,Palm Bay Villa Ampara,Ampara,Villa,Family;Couple,Medium,Click here to visit the website or get contact details.,https://www.google.com/search?q=Palm+Bay+Villa+Ampara,,,
331,Ampara Resort,Ampara,Resort,Family;Couple,Medium,Click here to visit the website or get contact details.,https://www.google.com/search?q=Ampara+Resort,,,
332,Green Leaf Resort Ampara,Ampara,Resort,Family;Couple,Medium,Click here to visit the website or get contact details.,https://www.google.com/search?q=Green+Leaf+Resort+Ampara,,,
333,Palm Bay Resort Ampara,Ampara,Resort,Couple;Family,Medium,Click here to visit the website or get contact details.,https://www.google.com/search?q=Palm+Bay+Resort+Ampara,,,
334,Oasis Bay Resort Ampara,Ampara,Resort,Family;Couple,Medium,Click here to visit the website or get contact details.,https://www.google.com/search?q=Oasis+Bay+Resort+Ampara,,,
335,Horizon Bay Resort Ampara,Ampara,Resort,Couple;Family,Medium,Click here to visit the website or get contact details.,https://www.google.com/search?q=Horizon+Bay+Resort+Ampara,,,
336,Serene Bay Resort Ampara,Ampara,Resort,Family;Couple,Medium,Click here to visit the website or get contact details.,https://www.google.com/search?q=Serene+Bay+Resort+Ampara,,,
337,Sunset Bay Resort Ampara,Ampara,Resort,Family;Couple,Medium,Click here to visit the website or get contact details.,https://www.google.com/search?q=Sunset+Bay+Resort+Ampara,,,
338,Trinco Grand Hotel,Trincomalee,Hotel,Family;Couple,Medium,Click here to visit the website or get contact details.,+94 26 2223344,,,
339,Star Residency Trincomalee,Trincomalee,Hotel,Couple;Solo,Medium,Click here to visit the website or get contact details.,+94 26 2234455,,,
340,Horizon Hotel Trincomalee,Trincomalee,Hotel,Family;Couple,Medium,Click here to visit the website or get contact details.,+94 26 2245566,,,
341,Serene Stay Trincomalee,Trincomalee,Hotel,Couple;Family,Medium,Click here to visit the website or get contact details.,+94 26 2256677,,,
342,Palm Residency Trincomalee,Trincomalee,Hotel,Couple;Solo,Medium,Click here to visit the website or get contact details.,+94 26 2267788,,,
343,Green Leaf Hotel Trincomalee,Trincomalee,Hotel,Family;Couple,Medium,Click here to visit the website or get contact details.,+94 26 2278899,,,
344,Sunset Hotel Trincomalee,Trincomalee,Hotel,Couple;Family,Medium,Click here to visit the website or get contact details.,+94 26 2289900,,,
345,Horizon Villa Trincomalee,Trincomalee,Villa,Couple;Family,Medium,Click here to visit the website or get contact details.,https://www.google.com/search?q=Horizon+Villa+Trincomalee,,,
346,Green Garden Villa Trincomalee,Trincomalee,Villa,Family;Couple,Medium,Click here to visit the website or get contact details.,https://www.google.com/search?q=Green+Garden+Villa+Trincomalee,,,
347,Palm Breeze Villa Trincomalee,Trincomalee,Villa,Couple;Family,Medium,Click here to visit the website or get contact details.,https://www.google.com/search?q=Palm+Breeze+Villa+Trincomalee,,,
348,Serene Villa Trincomalee,Trincomalee,Villa,Family;Couple,Medium,Click here to visit the website or get contact details.,https://www.google.com/search?q=Serene+Villa+Trincomalee,,,
349,Sunset Villa Trincomalee,Trincomalee,Villa,Couple;Solo,Medium,Click here to visit the website or get contact details.,https://www.google.com/search?q=Sunset+Villa+Trincomalee,,,
350,Oasis Villa Trincomalee,Trincomalee,Villa,Couple;Family,Medium,Click here to visit the website or get contact details.,https://www.google.com/search?q=Oasis+Villa+Trincomalee,,,
351,Palm Bay Villa Trincomalee,Trincomalee,Villa,Family;Couple,Medium,Click here to visit the website or get contact details.,https://www.google.com/search?q=Palm+Bay+Villa+Trincomalee,,,
352,Trincomalee Resort,Trincomalee,Resort,Family;Couple,Medium,Click here to visit the website or get contact details.,https://www.google.com/search?q=Trincomalee+Resort,,,
353,Green Leaf Resort Trincomalee,Trincomalee,Resort,Family;Couple,Medium,Click here to visit the website or get contact details.,https://www.google.com/search?q=Green+Leaf+Resort+Trincomalee,,,
354,Palm Bay Resort Trincomalee,Trincomalee,Resort,Couple;Family,Medium,Click here to visit the website or get contact details.,https://www.google.com/search?q=Palm+Bay+Resort+Trincomalee,,,
355,Oasis Bay Resort Trincomalee,Trincomalee,Resort,Family;Couple,Medium,Click here to visit the website or get contact details.,https://www.google.com/search?q=Oasis+Bay+Resort+Trincomalee,,,
356,Horizon Bay Resort Trincomalee,Trincomalee,Resort,Couple;Family,Medium,Click here to visit the website or get contact details.,https://www.google.com/search?q=Horizon+Bay+Resort+Trincomalee,,,
357,Serene Bay Resort Trincomalee,Trincomalee,Resort,Family;Couple,Medium,Click here to visit the website or get contact details.,https://www.google.com/search?q=Serene+Bay+Resort+Trincomalee,,,
358,Sunset Bay Resort Trincomalee,Trincomalee,Resort,Family;Couple,Medium,Click here to visit the website or get contact details.,https://www.google.com/search?q=Sunset+Bay+Resort+Trincomalee,,,
359,Kurunegala Grand Hotel,Kurunegala,Hotel,Family;Couple,Medium,Click here to visit the website or get contact details.,+94 37 2223344,,,
360,Star Residency Kurunegala,Kurunegala,Hotel,Couple;Solo,Medium,Click here to visit the website or get contact details.,+94 37 2234455,,,
361,Horizon Hotel Kurunegala,Kurunegala,Hotel,Family;Couple,Medium,Click here to visit the website or get contact details.,+94 37 2245566,,,
362,Serene Stay Kurunegala,Kurunegala,Hotel,Couple;Family,Medium,Click here to visit the website or get contact details.,+94 37 2256677,,,
363,Palm Residency Kurunegala,Kurunegala,Hotel,Couple;Solo,Medium,Click here to visit the website or get contact details.,+94 37 2267788,,,
364,Green Leaf Hotel Kurunegala,Kurunegala,Hotel,Family;Couple,Medium,Click here to visit the website or get contact details.,+94 37 2278899,,,
365,Sunset Hotel Kurunegala,Kurunegala,Hotel,Couple;Family,Medium,Click here to visit the website or get contact details.,+94 37 2289900,,,
366,Horizon Villa Kurunegala,Kurunegala,Villa,Couple;Family,Medium,Click here to visit the website or get contact details.,https://www.google.com/search?q=Horizon+Villa+Kurunegala,,,
367,Green Garden Villa Kurunegala,Kurunegala,Villa,Family;Couple,Medium,Click here to visit the website or get contact details.,https://www.google.com/search?q=Green+Garden+Villa+Kurunegala,,,
368,Palm Breeze Villa Kurunegala,Kurunegala,Villa,Couple;Family,Medium,Click here to visit the website or get contact details.,https://www.google.com/search?q=Palm+Breeze+Villa+Kurunegala,,,
369,Serene Villa Kurunegala,Kurunegala,Villa,Family;Couple,Medium,Click here to visit the website or get contact details.,https://www.google.com/search?q=Serene+Villa+Kurunegala,,,
370,Sunset Villa Kurunegala,Kurunegala,Villa,Couple;Solo,Medium,Click here to visit the website or get contact details.,https://www.google.com/search?q=Sunset+Villa+Kurunegala,,,
371,Oasis Villa Kurunegala,Kurunegala,Villa,Couple;Family,Medium,Click here to visit the website or get contact details.,https://www.google.com/search?q=Oasis+Villa+Kurunegala,,,
372,Palm Bay Villa Kurunegala,Kurunegala,Villa,Family;Couple,Medium,Click here to visit the website or get contact details.,https://www.google.com/search?q=Palm+Bay+Villa+Kurunegala,,,
373,Kurunegala Resort,Kurunegala,Resort,Family;Couple,Medium,Click here to visit the website or get contact details.,https://www.google.com/search?q=Kurunegala+Resort,,,
374,Green Leaf Resort Kurunegala,Kurunegala,Resort,Family;Couple,Medium,Click here to visit the website or get contact details.,https://www.google.com/search?q=Green+Leaf+Resort+Kurunegala,,,
375,Palm Bay Resort Kurunegala,Kurunegala,Resort,Couple;Family,Medium,Click here to visit the website or get contact details.,https://www.google.com/search?q=Palm+Bay+Resort+Kurunegala,,,
376,Oasis Bay Resort Kurunegala,Kurunegala,Resort,Family;Couple,Medium,Click here to visit the website or get contact details.,https://www.google.com/search?q=Oasis+Bay+Resort+Kurunegala,,,
377,Horizon Bay Resort Kurunegala,Kurunegala,Resort,Couple;Family,Medium,Click here to visit the website or get contact details.,https://www.google.com/search?q=Horizon+Bay+Resort+Kurunegala,,,
378,Serene Bay Resort Kurunegala,Kurunegala,Resort,Family;Couple,Medium,Click here to visit the website or get contact details.,https://www.google.com/search?q=Serene+Bay+Resort+Kurunegala,,,
379,Sunset Bay Resort Kurunegala,Kurunegala,Resort,Family;Couple,Medium,Click here to visit the website or get contact details.,https://www.google.com/search?q=Sunset+Bay+Resort+Kurunegala,,,
380,Puttalam Grand Hotel,Puttalam,Hotel,Family;Couple,Medium,Click here to visit the website or get contact details.,+94 32 2223344,,,
381,Star Residency Puttalam,Puttalam,Hotel,Couple;Solo,Medium,Click here to visit the website or get contact details.,+94 32 2234455,,,
382,Horizon Hotel Puttalam,Puttalam,Hotel,Family;Couple,Medium,Click here to visit the website or get contact details.,+94 32 2245566,,,
383,Serene Stay Puttalam,Puttalam,Hotel,Couple;Family,Medium,Click here to visit the website or get contact details.,+94 32 2256677,,,
384,Palm Residency Puttalam,Puttalam,Hotel,Couple;Solo,Medium,Click here to visit the website or get contact details.,+94 32 2267788,,,
385,Green Leaf Hotel Puttalam,Puttalam,Hotel,Family;Couple,Medium,Click here to visit the website or get contact details.,+94 32 2278899,,,
386,Sunset Hotel Puttalam,Puttalam,Hotel,Couple;Family,Medium,Click here to visit the website or get contact details.,+94 32 2289900,,,
387,Horizon Villa Puttalam,Puttalam,Villa,Couple;Family,Medium,Click here to visit the website or get contact details.,https://www.google.com/search?q=Horizon+Villa+Puttalam,,,
388,Green Garden Villa Puttalam,Puttalam,Villa,Family;Couple,Medium,Click here to visit the website or get contact details.,https://www.google.com/search?q=Green+Garden+Villa+Puttalam,,,
389,Palm Breeze Villa Puttalam,Puttalam,Villa,Couple;Family,Medium,Click here to visit the website or get contact details.,https://www.google.com/search?q=Palm+Breeze+Villa+Puttalam,,,
390,Serene Villa Puttalam,Puttalam,Villa,Family;Couple,Medium,Click here to visit the website or get contact details.,https://www.google.com/search?q=Serene+Villa+Puttalam,,,
391,Sunset Villa Puttalam,Puttalam,Villa,Couple;Solo,Medium,Click here to visit the website or get contact details.,https://www.google.com/search?q=Sunset+Villa+Puttalam,,,
392,Oasis Villa Puttalam,Puttalam,Villa,Couple;Family,Medium,Click here to visit the website or get contact details.,https://www.google.com/search?q=Oasis+Villa+Puttalam,,,
393,Palm Bay Villa Puttalam,Puttalam,Villa,Family;Couple,Medium,Click here to visit the website or get contact details.,https://www.google.com/search?q=Palm+Bay+Villa+Puttalam,,,
394,Puttalam Resort,Puttalam,Resort,Family;Couple,Medium,Click here to visit the website or get contact details.,https://www.google.com/search?q=Puttalam+Resort,,,
395,Green Leaf Resort Puttalam,Puttalam,Resort,Family;Couple,Medium,Click here to visit the website or get contact details.,https://www.google.com/search?q=Green+Leaf+Resort+Puttalam,,,
396,Palm Bay Resort Puttalam,Puttalam,Resort,Couple;Family,Medium,Click here to visit the website or get contact details.,https://www.google.com/search?q=Palm+Bay+Resort+Puttalam,,,
397,Oasis Bay Resort Puttalam,Puttalam,Resort,Family;Couple,Medium,Click here to visit the website or get contact details.,https://www.google.com/search?q=Oasis+Bay+Resort+Puttalam,,,
398,Horizon Bay Resort Puttalam,Puttalam,Resort,Couple;Family,Medium,Click here to visit the website or get contact details.,https://www.google.com/search?q=Horizon+Bay+Resort+Puttalam,,,
399,Serene Bay Resort Puttalam,Puttalam,Resort,Family;Couple,Medium,Click here to visit the website or get contact details.,https://www.google.com/search?q=Serene+Bay+Resort+Puttalam,,,
400,Sunset Bay Resort Puttalam,Puttalam,Resort,Family;Couple,Medium,Click here to visit the website or get contact details.,https://www.google.com/search?q=Sunset+Bay+Resort+Puttalam,,,
401,Anuradhapura Grand Hotel,Anuradhapura,Hotel,Family;Couple,Medium,Click here to visit the website or get contact details.,+94 25 2223344,,,
402,Star Residency Anuradhapura,Anuradhapura,Hotel,Couple;Solo,Medium,Click here to visit the website or get contact details.,+94 25 2234455,,,
403,Horizon Hotel Anuradhapura,Anuradhapura,Hotel,Family;Couple,Medium,Click here to visit the website or get contact details.,+94 25 2245566,,,
404,Serene Stay Anuradhapura,Anuradhapura,Hotel,Couple;Family,Medium,Click here to visit the website or get contact details.,+94 25 2256677,,,
405,Palm Residency Anuradhapura,Anuradhapura,Hotel,Couple;Solo,Medium,Click here to visit the website or get contact details.,+94 25 2267788,,,
406,Green Leaf Hotel Anuradhapura,Anuradhapura,Hotel,Family;Couple,Medium,Click here to visit the website or get contact details.,+94 25 2278899,,,
407,Sunset Hotel Anuradhapura,Anuradhapura,Hotel,Couple;Family,Medium,Click here to visit the website or get contact details.,+94 25 2289900,,,
408,Horizon Villa Anuradhapura,Anuradhapura,Villa,Couple;Family,Medium,Click here to visit the website or get contact details.,https://www.google.com/search?q=Horizon+Villa+Anuradhapura,,,
409,Green Garden Villa Anuradhapura,Anuradhapura,Villa,Family;Couple,Medium,Click here to visit the website or get contact details.,https://www.google.com/search?q=Green+Garden+Villa+Anuradhapura,,,
410,Palm Breeze Villa Anuradhapura,Anuradhapura,Villa,Couple;Family,Medium,Click here to visit the website or get contact details.,https://www.google.com/search?q=Palm+Breeze+Villa+Anuradhapura,,,
411,Serene Villa Anuradhapura,Anuradhapura,Villa,Family;Couple,Medium,Click here to visit the website or get contact details.,https://www.google.com/search?q=Serene+Villa+Anuradhapura,,,
412,Sunset Villa Anuradhapura,Anuradhapura,Villa,Couple;Solo,Medium,Click here to visit the website or get contact details.,https://www.google.com/search?q=Sunset+Villa+Anuradhapura,,,
413,Oasis Villa Anuradhapura,Anuradhapura,Villa,Couple;Family,Medium,Click here to visit the website or get contact details.,https://www.google.com/search?q=Oasis+Villa+Anuradhapura,,,
414,Palm Bay Villa Anuradhapura,Anuradhapura,Villa,Family;Couple,Medium,Click here to visit the website or get contact details.,https://www.google.com/search?q=Palm+Bay+Villa+Anuradhapura,,,
415,Anuradhapura Resort,Anuradhapura,Resort,Family;Couple,Medium,Click here to visit the website or get contact details.,https://www.google.com/search?q=Anuradhapura+Resort,,,
416,Green Leaf Resort Anuradhapura,Anuradhapura,Resort,Family;Couple,Medium,Click here to visit the website or get contact details.,https://www.google.com/search?q=Green+Leaf+Resort+Anuradhapura,,,
417,Palm Bay Resort Anuradhapura,Anuradhapura,Resort,Couple;Family,Medium,Click here to visit the website or get contact details.,https://www.google.com/search?q=Palm+Bay+Resort+Anuradhapura,,,
418,Oasis Bay Resort Anuradhapura,Anuradhapura,Resort,Family;Couple,Medium,Click here to visit the website or get contact details.,https://www.google.com/search?q=Oasis+Bay+Resort+Anuradhapura,,,
419,Horizon Bay Resort Anuradhapura,Anuradhapura,Resort,Couple;Family,Medium,Click here to visit the website or get contact details.,https://www.google.com/search?q=Horizon+Bay+Resort+Anuradhapura,,,
420,Serene Bay Resort Anuradhapura,Anuradhapura,Resort,Family;Couple,Medium,Click here to visit the website or get contact details.,https://www.google.com/search?q=Serene+Bay+Resort+Anuradhapura,,,
421,Sunset Bay Resort Anuradhapura,Anuradhapura,Resort,Family;Couple,Medium,Click here to visit the website or get contact details.,https://www.google.com/search?q=Sunset+Bay+Resort+Anuradhapura,,,
422,Polonnaruwa Grand Hotel,Polonnaruwa,Hotel,Family;Couple,Medium,Click here to visit the website or get contact details.,+94 27 2223344,,,
423,Star Residency Polonnaruwa,Polonnaruwa,Hotel,Couple;Solo,Medium,Click here to visit the website or get contact details.,+94 27 2234455,,,
424,Horizon Hotel Polonnaruwa,Polonnaruwa,Hotel,Family;Couple,Medium,Click here to visit the website or get contact details.,+94 27 2245566,,,
425,Serene Stay Polonnaruwa,Polonnaruwa,Hotel,Couple;Family,Medium,Click here to visit the website or get contact details.,+94 27 2256677,,,
426,Palm Residency Polonnaruwa,Polonnaruwa,Hotel,Couple;Solo,Medium,Click here to visit the website or get contact details.,+94 27 2267788,,,
427,Green Leaf Hotel Polonnaruwa,Polonnaruwa,Hotel,Family;Couple,Medium,Click here to visit the website or get contact details.,+94 27 2278899,,,
428,Sunset Hotel Polonnaruwa,Polonnaruwa,Hotel,Couple;Family,Medium,Click here to visit the website or get contact details.,+94 27 2289900,,,
429,Horizon Villa Polonnaruwa,Polonnaruwa,Villa,Couple;Family,Medium,Click here to visit the website or get contact details.,https://www.google.com/search?q=Horizon+Villa+Polonnaruwa,,,
430,Green Garden Villa Polonnaruwa,Polonnaruwa,Villa,Family;Couple,Medium,Click here to visit the website or get contact details.,https://www.google.com/search?q=Green+Garden+Villa+Polonnaruwa,,,
431,Palm Breeze Villa Polonnaruwa,Polonnaruwa,Villa,Couple;Family,Medium,Click here to visit the website or get contact details.,https://www.google.com/search?q=Palm+Breeze+Villa+Polonnaruwa,,,
432,Serene Villa Polonnaruwa,Polonnaruwa,Villa,Family;Couple,Medium,Click here to visit the website or get contact details.,https://www.google.com/search?q=Serene+Villa+Polonnaruwa,,,
433,Sunset Villa Polonnaruwa,Polonnaruwa,Villa,Couple;Solo,Medium,Click here to visit the website or get contact details.,https://www.google.com/search?q=Sunset+Villa+Polonnaruwa,,,
434,Oasis Villa Polonnaruwa,Polonnaruwa,Villa,Couple;Family,Medium,Click here to visit the website or get contact details.,https://www.google.com/search?q=Oasis+Villa+Polonnaruwa,,,
435,Palm Bay Villa Polonnaruwa,Polonnaruwa,Villa,Family;Couple,Medium,Click here to visit the website or get contact details.,https://www.google.com/search?q=Palm+Bay+Villa+Polonnaruwa,,,
436,Polonnaruwa Resort,Polonnaruwa,Resort,Family;Couple,Medium,Click here to visit the website or get contact details.,https://www.google.com/search?q=Polonnaruwa+Resort,,,
437,Green Leaf Resort Polonnaruwa,Polonnaruwa,Resort,Family;Couple,Medium,Click here to visit the website or get contact details.,https://www.google.com/search?q=Green+Leaf+Resort+Polonnaruwa,,,
438,Palm Bay Resort Polonnaruwa,Polonnaruwa,Resort,Couple;Family,Medium,Click here to visit the website or get contact details.,https://www.google.com/search?q=Palm+Bay+Resort+Polonnaruwa,,,
439,Oasis Bay Resort Polonnaruwa,Polonnaruwa,Resort,Family;Couple,Medium,Click here to visit the website or get contact details.,https://www.google.com/search?q=Oasis+Bay+Resort+Polonnaruwa,,,
440,Horizon Bay Resort Polonnaruwa,Polonnaruwa,Resort,Couple;Family,Medium,Click here to visit the website or get contact details.,https://www.google.com/search?q=Horizon+Bay+Resort+Polonnaruwa,,,
441,Serene Bay Resort Polonnaruwa,Polonnaruwa,Resort,Family;Couple,Medium,Click here to visit the website or get contact details.,https://www.google.com/search?q=Serene+Bay+Resort+Polonnaruwa,,,
442,Sunset Bay Resort Polonnaruwa,Polonnaruwa,Resort,Family;Couple,Medium,Click here to visit the website or get contact details.,https://www.google.com/search?q=Sunset+Bay+Resort+Polonnaruwa,,,
443,Badulla Grand Hotel,Badulla,Hotel,Family;Couple,Medium,Click here to visit the website or get contact details.,+94 55 2223344,,,
444,Star Residency Badulla,Badulla,Hotel,Couple;Solo,Medium,Click here to visit the website or get contact details.,+94 55 2234455,,,
445,Horizon Hotel Badulla,Badulla,Hotel,Family;Couple,Medium,Click here to visit the website or get contact details.,+94 55 2245566,,,
446,Serene Stay Badulla,Badulla,Hotel,Couple;Family,Medium,Click here to visit the website or get contact details.,+94 55 2256677,,,
447,Palm Residency Badulla,Badulla,Hotel,Couple;Solo,Medium,Click here to visit the website or get contact details.,+94 55 2267788,,,
448,Green Leaf Hotel Badulla,Badulla,Hotel,Family;Couple,Medium,Click here to visit the website or get contact details.,+94 55 2278899,,,
449,Sunset Hotel Badulla,Badulla,Hotel,Couple;Family,Medium,Click here to visit the website or get contact details.,+94 55 2289900,,,
450,Horizon Villa Badulla,Badulla,Villa,Couple;Family,Medium,Click here to visit the website or get contact details.,https://www.google.com/search?q=Horizon+Villa+Badulla,,,
451,Green Garden Villa Badulla,Badulla,Villa,Family;Couple,Medium,Click here to visit the website or get contact details.,https://www.google.com/search?q=Green+Garden+Villa+Badulla,,,
452,Palm Breeze Villa Badulla,Badulla,Villa,Couple;Family,Medium,Click here to visit the website or get contact details.,https://www.google.com/search?q=Palm+Breeze+Villa+Badulla,,,
453,Serene Villa Badulla,Badulla,Villa,Family;Couple,Medium,Click here to visit the website or get contact details.,https://www.google.com/search?q=Serene+Villa+Badulla,,,
454,Sunset Villa Badulla,Badulla,Villa,Couple;Solo,Medium,Click here to visit the website or get contact details.,https://www.google.com/search?q=Sunset+Villa+Badulla,,,
455,Oasis Villa Badulla,Badulla,Villa,Couple;Family,Medium,Click here to visit the website or get contact details.,https://www.google.com/search?q=Oasis+Villa+Badulla,,,
456,Palm Bay Villa Badulla,Badulla,Villa,Family;Couple,Medium,Click here to visit the website or get contact details.,https://www.google.com/search?q=Palm+Bay+Villa+Badulla,,,
457,Badulla Resort,Badulla,Resort,Family;Couple,Medium,Click here to visit the website or get contact details.,https://www.google.com/search?q=Badulla+Resort,,,
458,Green Leaf Resort Badulla,Badulla,Resort,Family;Couple,Medium,Click here to visit the website or get contact details.,https://www.google.com/search?q=Green+Leaf+Resort+Badulla,,,
459,Palm Bay Resort Badulla,Badulla,Resort,Couple;Family,Medium,Click here to visit the website or get contact details.,https://www.google.com/search?q=Palm+Bay+Resort+Badulla,,,
460,Oasis Bay Resort Badulla,Badulla,Resort,Family;Couple,Medium,Click here to visit the website or get contact details.,https://www.google.com/search?q=Oasis+Bay+Resort+Badulla,,,
461,Horizon Bay Resort Badulla,Badulla,Resort,Couple;Family,Medium,Click here to visit the website or get contact details.,https://www.google.com/search?q=Horizon+Bay+Resort+Badulla,,,
462,Serene Bay Resort Badulla,Badulla,Resort,Family;Couple,Medium,Click here to visit the website or get contact details.,https://www.google.com/search?q=Serene+Bay+Resort+Badulla,,,
463,Sunset Bay Resort Badulla,Badulla,Resort,Family;Couple,Medium,Click here to visit the website or get contact details.,https://www.google.com/search?q=Sunset+Bay+Resort+Badulla,,,
464,Moneragala Grand Hotel,Moneragala,Hotel,Family;Couple,Medium,Click here to visit the website or get contact details.,+94 55 3223344,,,
465,Star Residency Moneragala,Moneragala,Hotel,Couple;Solo,Medium,Click here to visit the website or get contact details.,+94 55 3234455,,,
466,Horizon Hotel Moneragala,Moneragala,Hotel,Family;Couple,Medium,Click here to visit the website or get contact details.,+94 55 3245566,,,
467,Serene Stay Moneragala,Moneragala,Hotel,Couple;Family,Medium,Click here to visit the website or get contact details.,+94 55 3256677,,,
468,Palm Residency Moneragala,Moneragala,Hotel,Couple;Solo,Medium,Click here to visit the website or get contact details.,+94 55 3267788,,,
469,Green Leaf Hotel Moneragala,Moneragala,Hotel,Family;Couple,Medium,Click here to visit the website or get contact details.,+94 55 3278899,,,
470,Sunset Hotel Moneragala,Moneragala,Hotel,Couple;Family,Medium,Click here to visit the website or get contact details.,+94 55 3289900,,,
471,Horizon Villa Moneragala,Moneragala,Villa,Couple;Family,Medium,Click here to visit the website or get contact details.,https://www.google.com/search?q=Horizon+Villa+Moneragala,,,
472,Green Garden Villa Moneragala,Moneragala,Villa,Family;Couple,Medium,Click here to visit the website or get contact details.,https://www.google.com/search?q=Green+Garden+Villa+Moneragala,,,
473,Palm Breeze Villa Moneragala,Moneragala,Villa,Couple;Family,Medium,Click here to visit the website or get contact details.,https://www.google.com/search?q=Palm+Breeze+Villa+Moneragala,,,
474,Serene Villa Moneragala,Moneragala,Villa,Family;Couple,Medium,Click here to visit the website or get contact details.,https://www.google.com/search?q=Serene+Villa+Moneragala,,,
475,Sunset Villa Moneragala,Moneragala,Villa,Couple;Solo,Medium,Click here to visit the website or get contact details.,https://www.google.com/search?q=Sunset+Villa+Moneragala,,,
476,Oasis Villa Moneragala,Moneragala,Villa,Couple;Family,Medium,Click here to visit the website or get contact details.,https://www.google.com/search?q=Oasis+Villa+Moneragala,,,
477,Palm Bay Villa Moneragala,Moneragala,Villa,Family;Couple,Medium,Click here to visit the website or get contact details.,https://www.google.com/search?q=Palm+Bay+Villa+Moneragala,,,
478,Moneragala Resort,Moneragala,Resort,Family;Couple,Medium,Click here to visit the website or get contact details.,https://www.google.com/search?q=Moneragala+Resort,,,
479,Green Leaf Resort Moneragala,Moneragala,Resort,Family;Couple,Medium,Click here to visit the website or get contact details.,https://www.google.com/search?q=Green+Leaf+Resort+Moneragala,,,
480,Palm Bay Resort Moneragala,Moneragala,Resort,Couple;Family,Medium,Click here to visit the website or get contact details.,https://www.google.com/search?q=Palm+Bay+Resort+Moneragala,,,
481,Oasis Bay Resort Moneragala,Moneragala,Resort,Family;Couple,Medium,Click here to visit the website or get contact details.,https://www.google.com/search?q=Oasis+Bay+Resort+Moneragala,,,
482,Horizon Bay Resort Moneragala,Moneragala,Resort,Couple;Family,Medium,Click here to visit the website or get contact details.,https://www.google.com/search?q=Horizon+Bay+Resort+Moneragala,,,
483,Serene Bay Resort Moneragala,Moneragala,Resort,Family;Couple,Medium,Click here to visit the website or get contact details.,https://www.google.com/search?q=Serene+Bay+Resort+Moneragala,,,
484,Sunset Bay Resort Moneragala,Moneragala,Resort,Family;Couple,Medium,Click here to visit the website or get contact details.,https://www.google.com/search?q=Sunset+Bay+Resort+Moneragala,,,
485,Ratnapura Grand Hotel,Ratnapura,Hotel,Family;Couple,Medium,Click here to visit the website or get contact details.,+94 45 2223344,,,
486,Star Residency Ratnapura,Ratnapura,Hotel,Couple;Solo,Medium,Click here to visit the website or get contact details.,+94 45 2234455,,,
487,Horizon Hotel Ratnapura,Ratnapura,Hotel,Family;Couple,Medium,Click here to visit the website or get contact details.,+94 45 2245566,,,
488,Serene Stay Ratnapura,Ratnapura,Hotel,Couple;Family,Medium,Click here to visit the website or get contact details.,+94 45 2256677,,,
489,Palm Residency Ratnapura,Ratnapura,Hotel,Couple;Solo,Medium,Click here to visit the website or get contact details.,+94 45 2267788,,,
490,Green Leaf Hotel Ratnapura,Ratnapura,Hotel,Family;Couple,Medium,Click here to visit the website or get contact details.,+94 45 2278899,,,
491,Sunset Hotel Ratnapura,Ratnapura,Hotel,Couple;Family,Medium,Click here to visit the website or get contact details.,+94 45 2289900,,,
492,Horizon Villa Ratnapura,Ratnapura,Villa,Couple;Family,Medium,Click here to visit the website or get contact details.,https://www.google.com/search?q=Horizon+Villa+Ratnapura,,,
493,Green Garden Villa Ratnapura,Ratnapura,Villa,Family;Couple,Medium,Click here to visit the website or get contact details.,https://www.google.com/search?q=Green+Garden+Villa+Ratnapura,,,
494,Palm Breeze Villa Ratnapura,Ratnapura,Villa,Couple;Family,Medium,Click here to visit the website or get contact details.,https://www.google.com/search?q=Palm+Breeze+Villa+Ratnapura,,,
495,Serene Villa Ratnapura,Ratnapura,Villa,Family;Couple,Medium,Click here to visit the website or get contact details.,https://www.google.com/search?q=Serene+Villa+Ratnapura,,,
496,Sunset Villa Ratnapura,Ratnapura,Villa,Couple;Solo,Medium,Click here to visit the website or get contact details.,https://www.google.com/search?q=Sunset+Villa+Ratnapura,,,
497,Oasis Villa Ratnapura,Ratnapura,Villa,Couple;Family,Medium,Click here to visit the website or get contact details.,https://www.google.com/search?q=Oasis+Villa+Ratnapura,,,
498,Palm Bay Villa Ratnapura,Ratnapura,Villa,Family;Couple,Medium,Click here to visit the website or get contact details.,https://www.google.com/search?q=Palm+Bay+Villa+Ratnapura,,,
499,Ratnapura Resort,Ratnapura,Resort,Family;Couple,Medium,Click here to visit the website or get contact details.,https://www.google.com/search?q=Ratnapura+Resort,,,
500,Green Leaf Resort Ratnapura,Ratnapura,Resort,Family;Couple,Medium,Click here to visit the website or get contact details.,https://www.google.com/search?q=Green+Leaf+Resort+Ratnapura,,,
501,Palm Bay Resort Ratnapura,Ratnapura,Resort,Couple;Family,Medium,Click here to visit the website or get contact details.,https://www.google.com/search?q=Palm+Bay+Resort+Ratnapura,,,
502,Oasis Bay Resort Ratnapura,Ratnapura,Resort,Family;Couple,Medium,Click here to visit the website or get contact details.,https://www.google.com/search?q=Oasis+Bay+Resort+Ratnapura,,,
503,Horizon Bay Resort Ratnapura,Ratnapura,Resort,Couple;Family,Medium,Click here to visit the website or get contact details.,https://www.google.com/search?q=Horizon+Bay+Resort+Ratnapura,,,
504,Serene Bay Resort Ratnapura,Ratnapura,Resort,Family;Couple,Medium,Click here to visit the website or get contact details.,https://www.google.com/search?q=Serene+Bay+Resort+Ratnapura,,,
505,Sunset Bay Resort Ratnapura,Ratnapura,Resort,Family;Couple,Medium,Click here to visit the website or get contact details.,https://www.google.com/search?q=Sunset+Bay+Resort+Ratnapura,,,
506,Kegalle Grand Hotel,Kegalle,Hotel,Family;Couple,Medium,Click here to visit the website or get contact details.,+94 35 2223344,,,
507,Star Residency Kegalle,Kegalle,Hotel,Couple;Solo,Medium,Click here to visit the website or get contact details.,+94 35 2234455,,,
508,Horizon Hotel Kegalle,Kegalle,Hotel,Family;Couple,Medium,Click here to visit the website or get contact details.,+94 35 2245566,,,
509,Serene Stay Kegalle,Kegalle,Hotel,Couple;Family,Medium,Click here to visit the website or get contact details.,+94 35 2256677,,,
510,Palm Residency Kegalle,Kegalle,Hotel,Couple;Solo,Medium,Click here to visit the website or get contact details.,+94 35 2267788,,,
511,Green Leaf Hotel Kegalle,Kegalle,Hotel,Family;Couple,Medium,Click here to visit the website or get contact details.,+94 35 2278899,,,
512,Sunset Hotel Kegalle,Kegalle,Hotel,Couple;Family,Medium,Click here to visit the website or get contact details.,+94 35 2289900,,,
513,Horizon Villa Kegalle,Kegalle,Villa,Couple;Family,Medium,Click here to visit the website or get contact details.,https://www.google.com/search?q=Horizon+Villa+Kegalle,,,
514,Green Garden Villa Kegalle,Kegalle,Villa,Family;Couple,Medium,Click here to visit the website or get contact details.,https://www.google.com/search?q=Green+Garden+Villa+Kegalle,,,
515,Palm Breeze Villa Kegalle,Kegalle,Villa,Couple;Family,Medium,Click here to visit the website or get contact details.,https://www.google.com/search?q=Palm+Breeze+Villa+Kegalle,,,
516,Serene Villa Kegalle,Kegalle,Villa,Family;Couple,Medium,Click here to visit the website or get contact details.,https://www.google.com/search?q=Serene+Villa+Kegalle,,,
517,Sunset Villa Kegalle,Kegalle,Villa,Couple;Solo,Medium,Click here to visit the website or get contact details.,https://www.google.com/search?q=Sunset+Villa+Kegalle,,,
518,Oasis Villa Kegalle,Kegalle,Villa,Couple;Family,Medium,Click here to visit the website or get contact details.,https://www.google.com/search?q=Oasis+Villa+Kegalle,,,
519,Palm Bay Villa Kegalle,Kegalle,Villa,Family;Couple,Medium,Click here to visit the website or get contact details.,https://www.google.com/search?q=Palm+Bay+Villa+Kegalle,,,
520,Kegalle Resort,Kegalle,Resort,Family;Couple,Medium,Click here to visit the website or get contact details.,https://www.google.com/search?q=Kegalle+Resort,,,
521,Green Leaf Resort Kegalle,Kegalle,Resort,Family;Couple,Medium,Click here to visit the website or get contact details.,https://www.google.com/search?q=Green+Leaf+Resort+Kegalle,,,
522,Palm Bay Resort Kegalle,Kegalle,Resort,Couple;Family,Medium,Click here to visit the website or get contact details.,https://www.google.com/search?q=Palm+Bay+Resort+Kegalle,,,
523,Oasis Bay Resort Kegalle,Kegalle,Resort,Family;Couple,Medium,Click here to visit the website or get contact details.,https://www.google.com/search?q=Oasis+Bay+Resort+Kegalle,,,
524,Horizon Bay Resort Kegalle,Kegalle,Resort,Couple;Family,Medium,Click here to visit the website or get contact details.,https://www.google.com/search?q=Horizon+Bay+Resort+Kegalle,,,
525,Serene Bay Resort Kegalle,Kegalle,Resort,Family;Couple,Medium,Click here to visit the website or get contact details.,https://www.google.com/search?q=Serene+Bay+Resort+Kegalle,,,
526,Sunset Bay Resort Kegalle,Kegalle,Resort,Family;Couple,Medium,Click here to visit the website or get contact details.,https://www.google.com/search?q=Sunset+Bay+Resort+Kegalle,,,
