place_id,name,district,category,description, URL
1,Colombo National Museum,Colombo,Historical,Largest museum in Sri Lanka showcasing cultural artifacts and historical treasures.,https://en.wikipedia.org/wiki/Colombo_National_Museum
2,Independence Memorial Hall,Colombo,Historical,Historic monument commemorating Sri Lanka's independence from British rule in 1948.,https://en.wikipedia.org/wiki/Independence_Memorial_Hall
3,Old Dutch Hospital,Colombo,Historical,"One of the oldest buildings in Colombo Fort, now a shopping and dining hub.",https://en.wikipedia.org/wiki/Old_Colombo_Dutch_Hospital
4,Kelaniya Raja Maha Vihara,Colombo,Historical,Ancient Buddhist temple with stunning murals and religious significance.,https://en.wikipedia.org/wiki/Kelaniya_Raja_Maha_Vihara
5,Viharamahadevi Park,Colombo,Nature,"Colombo’s largest public park with walking paths, gardens, and playgrounds.",https://en.wikipedia.org/wiki/Viharamahadevi_Park
6,Diyatha Uyana,Colombo,Nature,"Urban park with landscaped gardens, walking trails, and weekend markets.",https://en.wikipedia.org/wiki/Diyatha_Uyana?utm_source=chatgpt.com
7,Beddagana Wetland Park,Colombo,Nature,Wetland park ideal for bird watching and nature walks in the heart of the city.,https://www.uda.gov.lk/beddagana/
8,Thalangama Lake,Colombo,Nature,"Serene lake surrounded by green walking paths, perfect for a morning jog or picnic.",https://lakpura.com/pages/thalangama-wetlands
9,Leisure World Water Park,Colombo,Adventure,"Fun-filled water park with slides, wave pools, and activities for all ages.",https://www.leisureworld.lk/
10,Pearl Bay Adventure Park,Colombo,Adventure,"Adventure park offering zip lines, climbing walls, and outdoor sports.",https://www.thepearlbay.com/
11,Port City Cycling Trails,Colombo,Adventure,"Newly built cycling paths along the waterfront, great for active city exploration.",https://www.rapidadventures.lk/experiences/atv-rides-at-colombo-port-city
12,Jet Skiing – Galle Face,Colombo,Adventure,Thrilling jet ski rides along the scenic coastline of Galle Face Green.,https://lakpura.com/products/jet-ski-adventure-from-south-of-colombo
13,Galle Face Green Beach,Colombo,Beaches,Popular seaside promenade and open space with ocean views and street food.,https://en.wikipedia.org/wiki/Galle_Face
14,Mount Lavinia Beach,Colombo,Beaches,"Famous beach with golden sand, hotels, and beachfront dining options.",https://en.wikipedia.org/wiki/Mount-Lavinia
15,Wellawatte Beach,Colombo,Beaches,"Quiet urban beach ideal for jogging, relaxing, and casual evening walks.",https://wanderlog.com/place/details/1815673/wellawatte-beach
16,Dehiwala Beach,Colombo,Beaches,Calm beach area with safe swimming and nearby small eateries.,https://www.yamu.lk/kamu/dehiwala-beach/
17,Uruwala Valagamba Raja Maha Vihara,Gampaha,Historical,Ancient Buddhist temple and archaeological protected site with cave shrine history. ,https://en.wikipedia.org/wiki/Uruwala_Valagamba_Raja_Maha_Vihara
18,Yatawatte Purana Vihara,Gampaha,Historical,Historic temple known for its Tempita architecture and ancient stupa. ,https://en.wikipedia.org/wiki/Yatawatte_Purana_Vihara
19,Pilikuththuwa Raja Maha Vihara,Gampaha,Historical,Extensive cave temple complex with over 70 rock caves and ancient inscriptions. ,https://en.wikipedia.org/wiki/Pilikuththuwa_Raja_Maha_Vihara
20,Kelaniya Raja Maha Vihara (Negombo area),Gampaha,Historical,Revered ancient Buddhist temple with beautiful murals and rich cultural history.,https://en.wikipedia.org/wiki/Kelaniya_Raja_Maha_Vihara
21,Henarathgoda Botanical Garden,Gampaha,Nature,"Historic botanical garden with many plant species, first rubber trees in Asia, scenic walks. ",https://en.wikipedia.org/wiki/Henarathgoda_Botanical_Gardens
22,Muthurajawela Marsh,Gampaha,Nature,Vast wetland ecosystem perfect for bird watching and eco boat safaris. ,https://en.wikipedia.org/wiki/Muthurajawela_wetlands
23,Negombo Lagoon,Gampaha,Nature,"Scenic lagoon with mangroves, fishing tours, and birding opportunities. ",https://en.wikipedia.org/wiki/Negombo_Lagoon-https://en.wikipedia.org/wiki/Negombo_Lagoon
24,Gampaha Oruthota Walking Path,Gampaha,Nature,Picturesque riverside walking path great for nature strolls and exercise.,https://dayouting.lk/places-to-visit/664/gampaha-oruthota-walking-path
25,Boat Safari – Muthurajawela Marsh,Gampaha,Adventure,Guided boat tours through dense mangroves with wildlife spotting. ,https://en.wikipedia.org/wiki/Muthurajawela_wetlands
26,Water Sports – Negombo Beach+B50B27:B49F9B27:BB27:B51,Gampaha,Adventure,"Jet skiing, banana boat rides, and other beach water sports. ",[https://www.google.com/search?q=Water+Sports+Negombo+Beach+Sri+Lanka](https://www.google.com/search?q=Water+Sports+Negombo+Beach+Sri+Lanka)
27,Fishing Village Experience – Negombo,Gampaha,Adventure,Traditional fishing tours and catamaran rides give cultural adventure. ,[https://www.google.com/search?q=Fishing+Village+Experience+Negombo](https://www.google.com/search?q=Fishing+Village+Experience+Negombo)
28,Ja?Ela Canal Cycling,Gampaha,Adventure,Scenic ride along Dutch?built canal paths through paddy fields.,[https://www.google.com/search?q=JaEla+Canal+Cycling+Sri+Lanka](https://www.google.com/search?q=JaEla+Canal+Cycling+Sri+Lanka)
29,Negombo Beach,Gampaha,Beaches,"Long golden sandy beach with resorts, seafood shacks, and sunset views. ",[https://www.google.com/search?q=Negombo+Beach+Sri+Lanka](https://www.google.com/search?q=Negombo+Beach+Sri+Lanka)
30,Ettukala Beach,Gampaha,Beaches,"Lively beach strip with restaurants, cafes, and water activities. ",[https://www.google.com/search?q=Ettukala+Beach+Sri+Lanka](https://www.google.com/search?q=Ettukala+Beach+Sri+Lanka)
31,Uswetakeiyawa Beach,Gampaha,Beaches,Quieter beach option ideal for sunset watching and walking. ,[https://www.google.com/search?q=Uswetakeiyawa+Beach+Sri+Lanka](https://www.google.com/search?q=Uswetakeiyawa+Beach+Sri+Lanka)
32,Catamaran Riding Beach (Negombo),Gampaha,Beaches,Traditional catamaran rides with coastal views and fishing culture. ,[https://www.google.com/search?q=Catamaran+Riding+Beach+Negombo](https://www.google.com/search?q=Catamaran+Riding+Beach+Negombo)
33,Kalutara Bodhiya,Kalutara,Historical,"Ancient sacred Bodhi tree believed to be one of the 32 saplings from Jaya Sri Maha Bodhi, visited by pilgrims. ",https://www.google.com/search?q=Kalutara+Bodhiya+Sri+Lanka
34,Kalutara Chaitya Stupa,Kalutara,Historical,Unique hollow Buddhist stupa with paintings depicting scenes from Buddha’s life. ,https://www.google.com/search?q=Kalutara+Chaitya+Stupa
35,Richmond Castle,Kalutara,Historical,Early 20th?century Edwardian mansion with elegant architecture and historic gardens. ,https://www.google.com/search?q=Richmond+Castle+Sri+Lanka
36,Kande Vihara Temple,Kalutara,Historical,Large hilltop Buddhist temple with rich history and panoramic views.,https://www.google.com/search?q=Kande+Vihara+Temple+Sri+Lanka
37,Thudugala Ella Waterfall,Kalutara,Nature,"Picturesque waterfall set amidst lush forest, ideal for picnics and nature walks. ",https://www.google.com/search?q=Thudugala+Ella+Waterfall
38,Kalu Ganga River Safari,Kalutara,Nature,Scenic boat tour along the river with birdwatching and mangrove views. ,https://www.google.com/search?q=Kalu+Ganga+River+Safari+Sri+Lanka
39,Makeli Ella Falls,Kalutara,Nature,Serene waterfall known for its cool plunge pool and surrounding greenery. ,https://www.google.com/search?q=Makeli+Ella+Falls+Sri+Lanka
40,Kosgoda Turtle Hatchery,Kalutara,Nature,Turtle conservation site where visitors can learn about and support endangered turtles.,https://www.google.com/search?q=Kosgoda+Turtle+Hatchery+Sri+Lanka
41,Kalu Ganga Kayaking,Kalutara,Adventure,Kayaking along the scenic Kalu River with wildlife sights and gentle rapids. ,https://www.google.com/search?q=Kalu+Ganga+Kayaking+Sri+Lanka
42,Pahiyangala Caves Exploration,Kalutara,Adventure,Historic rock caves with prehistoric human settlement remains to explore. ,https://www.google.com/search?q=Pahiyangala+Caves+Sri+Lanka
43,Handunugoda Tea Estate walk,Kalutara,Adventure,Guided tours through tea fields and plantations with tasting experiences. ,https://www.google.com/search?q=Handunugoda+Tea+Estate+Walk
44,Mangrove Nature Trek,Kalutara,Adventure,Off?beaten trekking path through lush mangroves and wildlife habitats.,https://www.google.com/search?q=Mangrove+Nature+Trek+Sri+Lanka
45,Kalutara Beach,Kalutara,Beaches,"Wide sandy beach perfect for relaxation, swimming, and sunset views. ",https://www.google.com/search?q=Kalutara+Beach+Sri+Lanka
46,Calido Beach,Kalutara,Beaches,Less crowded beach known for its golden sands and soothing waves. ,https://www.google.com/search?q=Calido+Beach+Sri+Lanka
47,Bentota Beach (Kalutara border),Kalutara,Beaches,Popular beach destination with water sports and beachfront dining. ,https://www.google.com/search?q=Bentota+Beach+Sri+Lanka
48,Kosgoda Beach,Kalutara,Beaches,Quieter coastal shore near the turtle hatchery with scenic views.,https://www.google.com/search?q=Kosgoda+Beach+Sri+Lanka
49,Sri Dalada Maligawa (Temple of the Tooth Relic),Kandy,Historical,"Sacred Buddhist temple housing the tooth relic of Buddha, UNESCO?listed and deeply revered. ",https://en.wikipedia.org/wiki/Temple_of_the_Tooth
50,Sri Maha Bodhi Viharaya,Kandy,Historical,Famous Buddhist temple known for its giant Buddha statue visible throughout Kandy. ,https://www.google.com/search?q=Sri+Maha+Bodhi+Viharaya
51,Kadugannawa Ambalama,Kandy,Historical,Historic colonial?era resting place beside the Kandy?Colombo road with heritage value. ,https://www.google.com/search?q=Kadugannawa+Ambalama+Sri+Lanka
52,British Garrison Cemetery,Kandy,Historical,Historic cemetery from colonial times with aged tombstones and historical significance.,https://www.google.com/search?q=British+Garrison+Cemetery+Sri+Lanka
53,"Royal Botanical Gardens, Peradeniya",Kandy,Nature,"Vast gardens with diverse plant species, themed sections, and scenic lawns. ",https://en.wikipedia.org/wiki/Royal_Botanic_Gardens%2C_Peradeniya
54,Udawatta Kele Sanctuary,Kandy,Nature,"Lush forest reserve with trails, wildlife, and birdwatching near the city. ",https://www.google.com/search?q=Udawatta+Kele+Sanctuary
55,Kandy Lake,Kandy,Nature,Serene artificial lake surrounded by walking path and scenic views. ,https://www.google.com/search?q=Kandy+Lake+Sri+Lanka
56,Hanthana Mountain Range,Kandy,Nature,"Green hills offering hiking, views, and nature photography.",https://www.google.com/search?q=Hanthana+Mountain+Range+Sri+Lanka
57,Hulu River Waterfall,Kandy,Adventure,Scenic waterfall near Dumbara with swimming spots and nature trails. ,https://www.google.com/search?q=Hulu+River+Waterfall+Sri+Lanka
58,Knuckles Mountain Range,Kandy,Adventure,"UNESCO?listed wilderness with trekking, cliffs, wildlife and cloud forests. ",https://www.google.com/search?q=Knuckles+Mountain+Range+Sri+Lanka
59,Ambuluwawa Biodiversity Complex,Kandy,Adventure,"Forest?peak park with tower views, gardens, and biodiversity features. ",https://www.google.com/search?q=Ambuluwawa+Biodiversity+Complex+Sri+Lanka
60,Ceylon Tea Plantation Walk (near Kandy),Kandy,Adventure,Guided tea estate walks with scenic slopes and cultural experience.,https://www.google.com/search?q=Ceylon+Tea+Plantation+Walk+Kandy
61,Victoria Reservoir Shore,Kandy,Beaches,"Calm water shoreline ideal for picnics, lakeside walks, and boating (near Kandy).",https://www.google.com/search?q=Victoria+Reservoir+Sri+Lanka
62,Rantembe Reservoir,Kandy,Beaches,Scenic reservoir with hill views and gentle waters ideal for relaxation.,https://www.google.com/search?q=Rantembe+Reservoir+Sri+Lanka
63,Gannoruwa Reservoir Picnic Beach,Kandy,Beaches,Quiet picnic shoreline with views of mountains and water activities.,https://www.google.com/search?q=Gannoruwa+Reservoir+Sri+Lanka
64,Lankathilaka Temple Pond Beach,Kandy,Beaches,Relaxing water edge near historic temple ruins with scenic views. ,https://www.google.com/search?q=Lankathilaka+Temple+Sri+Lanka
65,Dambulla Cave Temple,Matale,Historical,UNESCO World Heritage Site consisting of ancient cave temples with 150+ Buddha statues and murals. ,https://en.wikipedia.org/wiki/Dambulla_Cave_Temple
66,Aluvihare Rock Temple,Matale,Historical,Ancient rock temple where the Tripitaka (Buddhist scriptures) was first written down on ola leaves. ,https://www.google.com/search?q=Aluvihare+Rock+Temple+Sri+Lanka
67,Sri Muthumariamman Temple,Matale,Historical,Vibrant Hindu temple famous for its tall gopuram and annual chariot festival. ,https://www.google.com/search?q=Sri+Muthumariamman+Temple+Sri+Lanka
68,Nalanda Gedige,Matale,Historical,Ancient temple combining Buddhist and Hindu architectural styles in a serene setting.,https://www.google.com/search?q=Nalanda+Gedige+Sri+Lanka
69,Sembuwatta Lake,Matale,Nature,"Picturesque lake surrounded by forests and tea plantations, perfect for relaxation and photography. ",https://www.google.com/search?q=Sembuwatta+Lake+Sri+Lanka
70,Knuckles Mountain Range,Matale,Nature,"UNESCO World Heritage natural reserve with hiking trails, cloud forests, and endemic biodiversity. ",https://www.google.com/search?q=Knuckles+Mountain+Range+Sri+Lanka
71,Riverston Peak,Matale,Nature,Scenic peak with breathtaking valley views and misty highland landscapes. ,https://www.google.com/search?q=Riverston+Peak+Sri+Lanka
72,Hunnas Falls,Matale,Nature,"Beautiful waterfall located near Elkaduwa, surrounded by lush greenery.",https://www.google.com/search?q=Hunnas+Falls+Sri+Lanka
73,Bambarakiri Ella Waterfall,Matale,Adventure,Picturesque waterfall near Rattota with swimming spots and easy trekking trails. ,https://www.google.com/search?q=Bambarakiri+Ella+Sri+Lanka
74,Pitawala Pathana Trek,Matale,Adventure,Vast grassland plateau with scenic views and gentle hiking paths. ,https://www.google.com/search?q=Pitawala+Pathana+Sri+Lanka
75,Hiking in Knuckles Range,Matale,Adventure,"Multiple trekking routes through peaks, forests, and remote villages. ",https://www.google.com/search?q=Hiking+in+Knuckles+Range+Sri+Lanka
76,Spice Garden Trek,Matale,Adventure,Explore lush spice plantations with guided tours and cultural experiences.,https://www.google.com/search?q=Spice+Garden+Trek+Sri+Lanka
77,Sembuwatta Lake Beach,Matale,Beaches,Serene lakeside area with picnic spots and boating options. ,https://www.google.com/search?q=Sembuwatta+Lake+Beach+Sri+Lanka
78,Nalanda Reservoir Edge,Matale,Beaches,Quiet reservoir shoreline near Nalanda Gedige perfect for picnics. ,https://www.google.com/search?q=Nalanda+Reservoir+Sri+Lanka
79,Riverston Stream Shore,Matale,Beaches,Scenic water edge within the Riverston trekking area for relaxing views. ,https://www.google.com/search?q=Riverston+Stream+Sri+Lanka
80,Knuckles Forest Pooling Shore,Matale,Beaches,Natural water pools and gentle stream shorelines deep within the Knuckles forest region.,https://www.google.com/search?q=Knuckles+Forest+Pools+Sri+Lanka
81,Nuwara?Eliya Post Office,Nuwara?Eliya,Historical,"Colonial?era Tudor style post office built in 1894, iconic heritage site in the town centre. ",https://www.google.com/search?q=Nuwara+Eliya+Post+Office+Sri+Lanka
82,Holy Trinity Church,Nuwara?Eliya,Historical,Gothic?Revival style church dating from the 19th century with stained glass windows and historic charm. ,https://www.google.com/search?q=Holy+Trinity+Church+Nuwara+Eliya
83,Seetha Amman Temple,Nuwara?Eliya,Historical,Vibrantly coloured Hindu temple linked to the Ramayana legend where Sita was held captive. ,https://www.google.com/search?q=Seetha+Amman+Temple+Sri+Lanka
84,Grand Hotel Gardens,Nuwara?Eliya,Historical,"Gardens of the famous colonial Grand Hotel, reflecting bygone British?era elegance",https://www.google.com/search?q=Grand+Hotel+Gardens+Nuwara+Eliya
85,Gregory Lake,Nuwara?Eliya,Nature,"Scenic lake with pedal boats, pony rides, cycle paths and waterside picnics. ",https://www.google.com/search?q=Gregory+Lake+Sri+Lanka
86,Hakgala Botanical Gardens,Nuwara?Eliya,Nature,"High?altitude botanical garden with exotic orchids, roses, and themed sections. ",https://www.google.com/search?q=Hakgala+Botanical+Gardens+Sri+Lanka
87,Victoria Park,Nuwara?Eliya,Nature,"Urban park with rare bird life, seasonal blooms, playgrounds and walking paths. ",https://www.google.com/search?q=Victoria+Park+Nuwara+Eliya
88,Moon Plains,Nuwara?Eliya,Nature,Vast grassland with panoramic 360° views of surrounding mountain peaks and wildlife.,https://www.google.com/search?q=Moon+Plains+Sri+Lanka
89,Horton Plains & World’s End,Nuwara?Eliya,Adventure,"Highland national park with dramatic cliffs, cloud forests and rich biodiversity. ",https://www.google.com/search?q=Horton+Plains+World%E2%80%99s+End+Sri+Lanka
90,Lover’s Leap Falls,Nuwara?Eliya,Adventure,Scenic waterfall with a legendary love?story backdrop and viewing trail. ,https://www.google.com/search?q=Lovers+Leap+Falls+Sri+Lanka
91,Devon Falls,Nuwara?Eliya,Adventure,“Veil of the Valley” waterfall with picturesque cascading views beside tea estates. ,https://www.google.com/search?q=Devon+Falls+Sri+Lanka
92,Kurundu Oya Falls,Nuwara?Eliya,Adventure,One of Sri Lanka’s tallest waterfalls with tiered cascades in lush forest.,https://www.google.com/search?q=Kurundu+Oya+Falls+Sri+Lanka
93,Gregory Lake Shore,Nuwara?Eliya,Beaches,Calm lakeside paths and picnic lawns ideal for relaxation and photos. ,https://www.google.com/search?q=Gregory+Lake+Shore+Sri+Lanka
94,Kande Ela Reservoir,Nuwara?Eliya,Beaches,Quiet reservoir edge near town with gentle waters and scenic views. ,https://www.google.com/search?q=Kande+Ela+Reservoir+Sri+Lanka
95,Lake Gregory Paddle Beach,Nuwara?Eliya,Beaches,Small waterside beach area by the lake with paddle boating and kids’ play. ,https://www.google.com/search?q=Lake+Gregory+Paddle+Beach+Sri+Lanka
96,Nanu Oya Falls Shore,Nuwara?Eliya,Beaches,Water edge beside Nanu Oya waterfall stream with gentle recreational access.,https://www.google.com/search?q=Nanu+Oya+Falls+Sri+Lanka
97,Galle Fort,Galle,Historical,"Dutch colonial fort with cobblestone streets, colonial buildings, and historic lighthouse.",https://en.wikipedia.org/wiki/Galle_Fort
98,Dutch Reformed Church,Galle,Historical,18th-century church inside Galle Fort with historic architecture and interior murals.,https://www.google.com/search?q=Dutch+Reformed+Church+Galle
99,National Maritime Museum,Galle,Historical,Museum exhibiting maritime artifacts and history of Sri Lankan naval heritage.,https://www.google.com/search?q=National+Maritime+Museum+Galle
100,All Saints Church,Galle,Historical,Anglican church with Gothic architecture and historic significance in Galle.,https://www.google.com/search?q=All+Saints+Church+Galle
101,Unawatuna Jungle,Galle,Nature,Dense jungle area with wildlife and walking trails near Unawatuna beach.,https://www.google.com/search?q=Unawatuna+Jungle+Sri+Lanka
102,Handunugoda Tea Estate,Galle,Nature,Scenic tea plantation with green landscapes and guided tours.,https://www.google.com/search?q=Handunugoda+Tea+Estate+Sri+Lanka
103,Kanneliya Rainforest Reserve,Galle,Nature,"Biodiverse rainforest with streams, hiking trails, and endemic species.",https://www.google.com/search?q=Kanneliya+Rainforest+Reserve+Sri+Lanka
104,Rumassala Hills,Galle,Nature,"Hill area with panoramic views, tropical flora, and walking trails.",https://www.google.com/search?q=Rumassala+Hills+Sri+Lanka
105,Jungle Hiking in Kanneliya,Galle,Adventure,Guided hiking through rainforest trails and waterfalls.,https://www.google.com/search?q=Jungle+Hiking+in+Kanneliya+Sri+Lanka
106,Surfing in Unawatuna,Galle,Adventure,Beachfront surfing with waves suitable for beginners and intermediates.,https://www.google.com/search?q=Surfing+in+Unawatuna+Sri+Lanka
107,Whale Watching Mirissa,Galle,Adventure,Boat tours for spotting whales and dolphins along the southern coast.,https://www.google.com/search?q=Whale+Watching+Mirissa+Sri+Lanka
108,Cycling in Handunugoda,Galle,Adventure,Cycling paths through tea estates and tropical landscapes.,https://www.google.com/search?q=Cycling+in+Handunugoda+Sri+Lanka
109,Unawatuna Beach,Galle,Beaches,"Sandy beach with calm waters, popular for swimming and sunbathing.",https://www.google.com/search?q=Unawatuna+Beach+Sri+Lanka
110,Jungle Beach,Galle,Beaches,"Secluded beach with natural scenery, ideal for relaxation and photography.",https://www.google.com/search?q=Jungle+Beach+Sri+Lanka
111,Hikkaduwa Beach,Galle,Beaches,"Vibrant beach with snorkeling, coral reefs, and nightlife options.",https://www.google.com/search?q=Hikkaduwa+Beach+Sri+Lanka
112,Wijaya Beach,Galle,Beaches,Quiet beach with shallow waters and local food stalls.,https://www.google.com/search?q=Wijaya+Beach+Sri+Lanka
113,Matara Fort,Matara,Historical,"Dutch-era fort with bastions, lighthouse, and colonial heritage buildings.",https://www.google.com/search?q=Matara+Fort+Sri+Lanka
114,Star Fort,Matara,Historical,"Small star-shaped fort used historically for defense, overlooking the town.",https://www.google.com/search?q=Star+Fort+Sri+Lanka
115,Weherahena Temple,Matara,Historical,Buddhist temple with giant seated Buddha statue and intricate murals.,https://www.google.com/search?q=Weherahena+Temple+Sri+Lanka
116,Old Dutch Church,Matara,Historical,18th-century church reflecting Dutch colonial architecture and history.,https://www.google.com/search?q=Old+Dutch+Church+Sri+Lanka
117,Paravi Duwa Island,Matara,Nature,"Small scenic island in the Nilwala River, perfect for nature walks and photos.",https://www.google.com/search?q=Paravi+Duwa+Island+Sri+Lanka
118,Polhena Nature Reserve,Matara,Nature,Protected area with mangroves and coastal birdlife.,https://www.google.com/search?q=Polhena+Nature+Reserve+Sri+Lanka
119,Dondra Head Lighthouse Gardens,Matara,Nature,Garden area around the lighthouse with sea views and tropical flora.,https://www.google.com/search?q=Dondra+Head+Lighthouse+Gardens+Sri+Lanka
120,Kalametiya Bird Sanctuary,Matara,Nature,Wetland sanctuary with migratory and native birds.,https://www.google.com/search?q=Kalametiya+Bird+Sanctuary+Sri+Lanka
121,Surfing in Polhena,Matara,Adventure,Beginner-friendly surfing spot with consistent waves and reef break.,https://www.google.com/search?q=Surfing+in+Polhena+Sri+Lanka
122,Whale Watching Dondra,Matara,Adventure,"Boat tours for observing whales, dolphins, and marine life.",https://www.google.com/search?q=Whale+Watching+Dondra+Sri+Lanka
123,Canoeing in Nilwala River,Matara,Adventure,River-based canoeing for scenic exploration and light adventure.,https://www.google.com/search?q=Canoeing+in+Nilwala+River+Sri+Lanka
124,Jungle Trek in Weligama,Matara,Adventure,Hiking trails through small forest patches and coastal hills.,https://www.google.com/search?q=Jungle+Trek+in+Weligama+Sri+Lanka
125,Polhena Beach,Matara,Beaches,Calm shallow waters ideal for swimming and snorkeling.,https://www.google.com/search?q=Polhena+Beach+Sri+Lanka
126,Mirissa Beach,Matara,Beaches,"Popular beach with golden sand, nightlife, and whale watching access.",https://www.google.com/search?q=Mirissa+Beach+Sri+Lanka
127,Weligama Beach,Matara,Beaches,Sandy bay with surf schools and beginner-friendly waves.,https://www.google.com/search?q=Weligama+Beach+Sri+Lanka
128,Talpe Beach,Matara,Beaches,Quiet beach with coconut palms and family-friendly swimming areas.,https://www.google.com/search?q=Talpe+Beach+Sri+Lanka
129,Yala Magul Maha Viharaya,Hambantota,Historical,Ancient Buddhist temple with historic ruins and cultural significance.,https://www.google.com/search?q=Yala+Magul+Maha+Viharaya+Sri+Lanka
130,Hambantota Dutch Fort,Hambantota,Historical,"Coastal fort built by the Dutch, featuring bastions and historic walls.",https://www.google.com/search?q=Hambantota+Dutch+Fort+Sri+Lanka
131,Sithulpawwa Rajamaha Viharaya,Hambantota,Historical,Ancient cave temple with rock carvings and panoramic views of the forest.,https://www.google.com/search?q=Sithulpawwa+Rajamaha+Viharaya+Sri+Lanka
132,Magama Raja Maha Viharaya,Hambantota,Historical,"Historic Buddhist temple in Hambantota town, known for traditional architecture.",https://www.google.com/search?q=Magama+Raja+Maha+Viharaya+Sri+Lanka
133,Bundala National Park,Hambantota,Nature,"Wetland sanctuary with migratory birds, elephants, and natural lagoons.",https://www.google.com/search?q=Bundala+National+Park+Sri+Lanka
134,Yala East Park,Hambantota,Nature,Jungle park area with diverse wildlife including leopards and deer.,https://www.google.com/search?q=Yala+East+Park+Sri+Lanka
135,Hambantota Gardens,Hambantota,Nature,"Landscaped gardens with tropical plants, walking paths, and birdlife.",https://www.google.com/search?q=Hambantota+Gardens+Sri+Lanka
136,Kalametiya Lagoon,Hambantota,Nature,"Coastal wetland area with mangroves, birdwatching, and serene environment.",https://www.google.com/search?q=Kalametiya+Lagoon+Sri+Lanka
137,Safari in Yala East,Hambantota,Adventure,"Wildlife safari to spot leopards, elephants, and other wild animals.",https://www.google.com/search?q=Safari+in+Yala+East+Sri+Lanka
138,Cycling in Hambantota,Hambantota,Adventure,"Scenic cycling trails through plantations, coastal roads, and villages.",https://www.google.com/search?q=Cycling+in+Hambantota+Sri+Lanka
139,Boat Safari in Bundala,Hambantota,Adventure,"Boat tour to explore lagoons, birds, and aquatic wildlife.",https://www.google.com/search?q=Boat+Safari+in+Bundala+Sri+Lanka
140,Hiking in Lunugamvehera,Hambantota,Adventure,Trails through natural bushland and wildlife habitats.,https://www.google.com/search?q=Hiking+in+Lunugamvehera+Sri+Lanka
141,Tangalle Beach,Hambantota,Beaches,"Calm beach with golden sands, ideal for swimming and relaxing.",https://www.google.com/search?q=Tangalle+Beach+Sri+Lanka
142,Rekawa Beach,Hambantota,Beaches,"Nesting site for sea turtles with quiet, scenic surroundings.",https://www.google.com/search?q=Rekawa+Beach+Sri+Lanka
143,Yala Beach,Hambantota,Beaches,Secluded beach area near Yala National Park with natural beauty.,https://www.google.com/search?q=Yala+Beach+Sri+Lanka
144,Hambantota Beach,Hambantota,Beaches,"Local beach with open sand, safe for swimming and walking.",https://www.google.com/search?q=Hambantota+Beach+Sri+Lanka
145,Jaffna Fort,Jaffna,Historical,"17th-century fort built by the Portuguese and Dutch, with historic walls and cannons.",https://en.wikipedia.org/wiki/Jaffna_Fort
146,Nallur Kandaswamy Kovil,Jaffna,Historical,Iconic Hindu temple with colorful architecture and cultural significance.,https://www.google.com/search?q=Nallur+Kandaswamy+Kovil+Sri+Lanka
147,Jaffna Library,Jaffna,Historical,Historic library with restored colonial architecture and cultural heritage.,https://www.google.com/search?q=Jaffna+Library+Sri+Lanka
148,Keerimalai Naguleswaram Temple,Jaffna,Historical,Ancient Shiva temple near the sea with sacred springs and historic significance.,https://www.google.com/search?q=Keerimalai+Naguleswaram+Temple+Sri+Lanka
149,Casuarina Beach Park,Jaffna,Nature,"Beach park lined with Casuarina trees, ideal for picnics and walks.",https://www.google.com/search?q=Casuarina+Beach+Park+Sri+Lanka
150,Chundikuli Canal,Jaffna,Nature,Scenic canal surrounded by greenery and calm waters.,https://www.google.com/search?q=Chundikuli+Canal+Sri+Lanka
151,Delft Island,Jaffna,Nature,"Small island with wild ponies, baobab trees, and natural landscapes.",https://www.google.com/search?q=Delft+Island+Sri+Lanka
152,Kantharodai,Jaffna,Nature,Ancient Buddhist site with small stupas and surrounding,https://www.google.com/search?q=Kantharodai+Sri+Lanka
153,Kite Surfing Casuarina,Jaffna,Adventure,Beachfront kite surfing with ideal wind conditions.,https://www.google.com/search?q=Kite+Surfing+Casuarina+Sri+Lanka
154,Cycling Delft Island,Jaffna,Adventure,Explore the island’s natural scenery and historic spots by bike.,https://www.google.com/search?q=Cycling+Delft+Island+Sri+Lanka
155,Kayaking Chundikuli Canal,Jaffna,Adventure,Canoeing/kayaking along calm canal waters for scenic views.,https://www.google.com/search?q=Kayaking+Chundikuli+Canal+Sri+Lanka
156,Trekking Nallur Hills,Jaffna,Adventure,Small hill area with panoramic views of Jaffna town and coastline.,https://www.google.com/search?q=Trekking+Nallur+Hills+Sri+Lanka
157,Casuarina Beach,Jaffna,Beaches,"White sand beach with calm waters, popular for relaxation.",https://www.google.com/search?q=Casuarina+Beach+Sri+Lanka
158,Kantharmalai Beach,Jaffna,Beaches,Quiet beach with scenic coastline and natural surroundings.,https://www.google.com/search?q=Kantharmalai+Beach+Sri+Lanka
159,Nainativu Beach,Jaffna,Beaches,Seaside area near Nainativu Island with calm waters and fishing spots.,https://www.google.com/search?q=Nainativu+Beach+Sri+Lanka
160,Point Pedro Beach,Jaffna,Beaches,Northernmost beach in Sri Lanka with shallow waters and serene views.,https://www.google.com/search?q=Point+Pedro+Beach+Sri+Lanka
161,Sri Maha Bodhi,Anuradhapura,Historical,"Sacred fig tree over 2,000 years old in the sacred city.",https://www.google.com/search?q=Sri+Maha+Bodhi+Sri+Lanka
162,Ruwanwelisaya Stupa,Anuradhapura,Historical,"Ancient stupa built by King Dutugemunu, major Buddhist pilgrimage site.",https://www.google.com/search?q=Ruwanwelisaya+Stupa+Sri+Lanka
163,Jetavanaramaya,Anuradhapura,Historical,One of the tallest ancient brick structures in the world.,https://www.google.com/search?q=Jetavanaramaya+Sri+Lanka
164,Abhayagiri Dagaba,Anuradhapura,Historical,Historic monastery complex with large stupa and ruins.,https://www.google.com/search?q=Abhayagiri+Dagaba+Sri+Lanka
165,Mihintale Hills,Anuradhapura,Nature,Sacred hills with panoramic views and natural surroundings.,https://www.google.com/search?q=Mihintale+Hills+Sri+Lanka
166,Wilpattu National Park,Anuradhapura,Nature,Largest national park in Sri Lanka with rich wildlife.,https://www.google.com/search?q=Wilpattu+National+Park+Sri+Lanka
167,Kala Wewa Reservoir,Anuradhapura,Nature,Ancient irrigation reservoir surrounded by greenery.,https://www.google.com/search?q=Kala+Wewa+Reservoir+Sri+Lanka
168,Nuwara Wewa,Anuradhapura,Nature,Scenic reservoir in the city area ideal for relaxation.,https://www.google.com/search?q=Nuwara+Wewa+Sri+Lanka
169,Cycling Sacred City,Anuradhapura,Adventure,Explore historical monuments and ancient ruins by bicycle.,https://www.google.com/search?q=Cycling+Sacred+City+Sri+Lanka
170,Wilpattu Safari,Anuradhapura,Adventure,Wildlife safari in Wilpattu National Park for adventurous visitors.,https://www.google.com/search?q=Wilpattu+Safari+Sri+Lanka
171,Trekking Mihintale,Anuradhapura,Adventure,Hike to Mihintale summit for panoramic views and temples.,https://www.google.com/search?q=Trekking+Mihintale+Sri+Lanka
172,Bo Tree Circuit,Anuradhapura,Adventure,Walking circuit connecting sacred Bodhi trees and historic sites.,https://www.google.com/search?q=Bo+Tree+Circuit+Sri+Lanka
173,Kala Wewa Shore,Anuradhapura,Beaches,Reservoir shoreline suitable for relaxation and picnics.,https://www.google.com/search?q=Kala+Wewa+Shore+Sri+Lanka
174,Nuwara Wewa Park,Anuradhapura,Beaches,Lakeside park area for walking and leisure.,https://www.google.com/search?q=Nuwara+Wewa+Park+Sri+Lanka
175,Tissa Wewa,Anuradhapura,Beaches,Artificial lake with scenic surroundings and water activities.,https://www.google.com/search?q=Tissa+Wewa+Sri+Lanka
176,Minneriya Lake,Anuradhapura,Beaches,Large reservoir with elephant sightings during dry season.,https://www.google.com/search?q=Minneriya+Lake+Sri+Lanka
177,Gal Vihara,Polonnaruwa,Historical,Rock temple with four Buddha statues carved into granite.,https://www.google.com/search?q=Gal+Vihara+Sri+Lanka
178,Polonnaruwa Vatadage,Polonnaruwa,Historical,Circular relic house with intricate stone carvings.,https://www.google.com/search?q=Polonnaruwa+Vatadage+Sri+Lanka
179,Rankoth Vehera,Polonnaruwa,Historical,"Large stupa in ancient Polonnaruwa city, Buddhist heritage site.",https://www.google.com/search?q=Rankoth+Vehera+Sri+Lanka
180,Parakrama Samudra,Polonnaruwa,Historical,"Ancient irrigation reservoir built by King Parakramabahu I, historic landmark.",https://www.google.com/search?q=Parakrama+Samudra+Sri+Lanka
181,Minneriya National Park,Polonnaruwa,Nature,Famous for “Gathering” of elephants; rich flora and fauna.,https://www.google.com/search?q=Minneriya+National+Park+Sri+Lanka
182,Kaudulla National Park,Polonnaruwa,Nature,"Wildlife sanctuary with elephants, birds, and natural scenery.",https://www.google.com/search?q=Kaudulla+National+Park+Sri+Lanka
183,Parakrama Samudra Shore,Polonnaruwa,Nature,Scenic reservoir area surrounded by greenery.,https://www.google.com/search?q=Parakrama+Samudra+Shore+Sri+Lanka
184,Girithale Reservoir,Polonnaruwa,Nature,Peaceful reservoir with surrounding forest and birdlife.,https://www.google.com/search?q=Girithale+Reservoir+Sri+Lanka
185,Cycling Ancient City,Polonnaruwa,Adventure,Explore ancient ruins and temples on a bicycle tour.,https://www.google.com/search?q=Cycling+Ancient+City+Sri+Lanka
186,Safari Minneriya,Polonnaruwa,Adventure,Jeep safari to see elephants and wildlife.,https://www.google.com/search?q=Safari+Minneriya+Sri+Lanka
187,Trekking Kaudulla,Polonnaruwa,Adventure,Light trekking in natural forested areas within the park.,https://www.google.com/search?q=Trekking+Kaudulla+Sri+Lanka
188,Canoeing Girithale,Polonnaruwa,Adventure,Canoeing on Girithale reservoir with peaceful surroundings.,https://www.google.com/search?q=Canoeing+Girithale+Sri+Lanka
189,Parakrama Samudra Shore,Polonnaruwa,Beaches,Reservoir shoreline ideal for walking and picnics.,https://www.google.com/search?q=Parakrama+Samudra+Shore+Sri+Lanka
190,Girithale Reservoir,Polonnaruwa,Beaches,Scenic waterbody with space for relaxation and boating.,https://www.google.com/search?q=Girithale+Reservoir+Sri+Lanka
191,Minneriya Lake Shore,Polonnaruwa,Beaches,Lakeside area with wildlife viewing opportunities.,https://www.google.com/search?q=Minneriya+Lake+Shore+Sri+Lanka
192,Kaudulla Lake Shore,Polonnaruwa,Beaches,Reservoir shoreline suitable for nature observation and photography.,https://www.google.com.search?q=Kaudulla+Lake+Shore+Sri+Lanka
193,Kurunegala Raja Maha Vihara,Kurunegala,Historical,Ancient Buddhist temple with historic architecture and relics.,https://www.google.com/search?q=Kurunegala+Raja+Maha+Vihara+Sri+Lanka
194,Athugala Temple,Kurunegala,Historical,Historic temple with rock carvings and religious significance.,https://www.google.com/search?q=Athugala+Temple+Sri+Lanka
195,Panduwasnuwara Ancient City,Kurunegala,Historical,Ruins of ancient city with palace and Buddhist structures.,https://www.google.com.search?q=Panduwasnuwara+Ancient+City+Sri+Lanka
196,Bogambara Prison (Heritage Site),Kurunegala,Historical,Former colonial-era prison with historical importance.,https://www.google.com/search?q=Bogambara+Prison+Heritage+Site+Sri+Lanka
197,Ethagala (Elephant Rock),Kurunegala,Nature,"Iconic rock formation shaped like an elephant, panoramic views.",https://www.google.com/search?q=Ethagala+Elephant+Rock+Sri+Lanka
198,Bingiriya Waterfalls,Kurunegala,Nature,Scenic waterfall in lush surroundings for nature lovers.,https://www.google.com/search?q=Bingiriya+Waterfalls+Sri+Lanka
199,Randenigala Reservoir,Kurunegala,Nature,Large reservoir with peaceful surroundings and birdlife.,https://www.google.com/search?q=Randenigala+Reservoir+Sri+Lanka
200,Galgiriya Mountain,Kurunegala,Nature,Hilly terrain with hiking and natural scenery.,https://www.google.com/search?q=Galgiriya+Mountain+Sri+Lanka
201,Trekking Elephant Rock,Kurunegala,Adventure,Short trek to Ethagala summit for panoramic views.,https://www.google.com/search?q=Trekking+Elephant+Rock+Sri+Lanka
202,Randenigala Reservoir Kayaking,Kurunegala,Adventure,Kayaking and boating in calm waters.,https://www.google.com/search?q=Randenigala+Reservoir+Kayaking+Sri+Lanka
203,Hiking Galgiriya Mountain,Kurunegala,Adventure,Moderate trekking adventure with natural scenery.,https://www.google.com/search?q=Hiking+Galgiriya+Mountain+Sri+Lanka
204,Cycling Kurunegala Trails,Kurunegala,Adventure,Explore rural landscapes and small hills via bicycle.,https://www.google.com/search?q=Cycling+Kurunegala+Trails+Sri+Lanka
205,Randenigala Reservoir Shore,Kurunegala,Beaches,Relaxing waterbody edge with peaceful scenery.,https://www.google.com/search?q=Randenigala+Reservoir+Shore+Sri+Lanka
206,Rajanganaya Reservoir,Kurunegala,Beaches,Large reservoir with green surroundings for leisure.,https://www.google.com/search?q=Rajanganaya+Reservoir+Sri+Lanka
207,Kurunegala Lake,Kurunegala,Beaches,Small lake ideal for walking and light recreation.,https://www.google.com/search?q=Kurunegala+Lake+Sri+Lanka
208,Bingiriya Falls Pool,Kurunegala,Beaches,Natural pool at the base of Bingiriya Waterfalls.,https://www.google.com/search?q=Bingiriya+Falls+Pool+Sri+Lanka
209,Muthiyangana Raja Maha Vihara,Badulla,Historical,"Ancient Buddhist temple, important pilgrimage site.",https://www.google.com/search?q=Muthiyangana+Raja+Maha+Vihara+Sri+Lanka
210,Dunhinda Temple,Badulla,Historical,"Historic temple near Dunhinda Falls, scenic surroundings.",https://www.google.com/search?q=Dunhinda+Temple+Sri+Lanka
211,Bogoda Wooden Bridge,Badulla,Historical,200-year-old wooden bridge with historical significance.,https://www.google.com/search?q=Bogoda+Wooden+Bridge+Sri+Lanka
212,Namunukula Fort Ruins,Badulla,Historical,Remains of colonial-era fort on the hilltops.,https://www.google.com/search?q=Namunukula+Fort+Ruins+Sri+Lanka
213,Dunhinda Falls,Badulla,Nature,64-meter high waterfall surrounded by lush forest.,https://www.google.com/search?q=Dunhinda+Falls+Sri+Lanka
214,Sorabora Wewa Reservoir,Badulla,Nature,Ancient reservoir ideal for relaxation and birdwatching.,https://www.google.com/search?q=Sorabora+Wewa+Reservoir+Sri+Lanka
215,Bogoda Forest Reserve,Badulla,Nature,Dense forest with hiking trails and native flora.,https://www.google.com/search?q=Bogoda+Forest+Reserve+Sri+Lanka
216,Namunukula Mountain Range,Badulla,Nature,Mountain range with panoramic views of surrounding areas.,https://www.google.com/search?q=Namunukula+Mountain+Range+Sri+Lanka
217,Trekking Dunhinda Falls,Badulla,Adventure,Moderate trekking to reach the base of Dunhinda Falls.,https://www.google.com/search?q=Trekking+Dunhinda+Falls+Sri+Lanka
218,Hiking Namunukula,Badulla,Adventure,Mountain hiking with scenic viewpoints.,https://www.google.com/search?q=Hiking+Namunukula+Sri+Lanka
219,Cycling Badulla Trails,Badulla,Adventure,Explore countryside and tea plantations by bicycle.,https://www.google.com/search?q=Cycling+Badulla+Trails+Sri+Lanka
220,Bogoda Bridge Exploration,Badulla,Adventure,Adventure walk on historic wooden bridge and surroundings.,https://www.google.com/search?q=Bogoda+Bridge+Exploration+Sri+Lanka
221,Sorabora Wewa Shore,Badulla,Beaches,Reservoir shoreline suitable for picnics and relaxation.,https://www.google.com/search?q=Sorabora+Wewa+Shore+Sri+Lanka
222,Dunhinda Stream,Badulla,Beaches,Small water stream near Dunhinda Falls for cooling off.,https://www.google.com/search?q=Dunhinda+Stream+Sri+Lanka
223,Bogoda Reservoir,Badulla,Beaches,Scenic reservoir with natural surroundings.,https://www.google.com/search?q=Bogoda+Reservoir+Sri+Lanka
224,Adisham Lake,Badulla,Beaches,Man-made lake near Adisham Monastery for leisure and nature walks.,https://www.google.com/search?q=Adisham+Lake+Sri+Lanka
225,Buduruwagala Temple,Moneragala,Historical,Ancient rock temple with seven large Buddha statues carved into the rock face.,https://www.google.com/search?q=Buduruwagala+Temple+Sri+Lanka
226,Samudragiri Temple,Moneragala,Historical,Historical Buddhist temple with scenic surroundings.,https://www.google.com/search?q=Samudragiri+Temple+Sri+Lanka
227,Wellawaya Old Temple,Moneragala,Historical,Ancient temple with heritage architecture and religious importance.,https://www.google.com/search?q=Wellawaya+Old+Temple+Sri+Lanka
228,Lahugala Kitulana Temple,Moneragala,Historical,Historic temple near national park with cultural significance.,https://www.google.com/search?q=Lahugala+Kitulana+Temple+Sri+Lanka
229,Gal Oya National Park,Moneragala,Nature,"Wildlife sanctuary with elephants, birds, and lush greenery.",https://www.google.com/search?q=Gal+Oya+National+Park+Sri+Lanka
230,Senanayake Samudraya,Moneragala,Nature,"Large reservoir with scenic views, ideal for relaxation and birdwatching.",https://www.google.com/search?q=Senanayake+Samudraya+Sri+Lanka
231,Namunukula Hills,Moneragala,Nature,Rolling hills with natural forest and scenic viewpoints.,https://www.google.com/search?q=Namunukula+Hills+Sri+Lanka
232,Bambaragala Forest,Moneragala,Nature,Forest reserve with walking trails and native flora.,https://www.google.com/search?q=Bambaragala+Forest+Sri+Lanka
233,Trekking Gal Oya Trails,Moneragala,Adventure,Moderate trekking in forested areas with wildlife spotting.,https://www.google.com/search?q=Trekking+Gal+Oya+Trails+Sri+Lanka
234,Kayaking Senanayake Samudraya,Moneragala,Adventure,Water-based adventure kayaking in the reservoir.,https://www.google.com/search?q=Kayaking+Senanayake+Samudraya+Sri+Lanka
235,Cycling Moneragala Countryside,Moneragala,Adventure,Explore rural villages and natural landscapes by bicycle.,https://www.google.com/search?q=Cycling+Moneragala+Countryside+Sri+Lanka
236,Hiking Namunukula Hills,Moneragala,Adventure,Hiking trails with scenic hilltop views.,https://www.google.com/search?q=Hiking+Namunukula+Hills+Sri+Lanka
237,Senanayake Samudraya Shore,Moneragala,Beaches,Reservoir shoreline ideal for relaxation and photography.,https://www.google.com/search?q=Senanayake+Samudraya+Shore+Sri+Lanka
238,Gal Oya Lake Shore,Moneragala,Beaches,Lake edge suitable for leisure and nature observation.,https://www.google.com/search?q=Gal+Oya+Lake+Shore+Sri+Lanka
239,Lahugala Reservoir,Moneragala,Beaches,Small reservoir with scenic surroundings for picnics.,https://www.google.com/search?q=Lahugala+Reservoir+Sri+Lanka
240,Bambaragala Stream,Moneragala,Beaches,Small stream for relaxation and light recreation.,https://www.google.com/search?q=Bambaragala+Stream+Sri+Lanka
241,Maha Saman Devalaya,Ratnapura,Historical,"Ancient temple dedicated to God Saman, important religious site.",https://www.google.com/search?q=Maha+Saman+Devalaya+Sri+Lanka
242,Samanalawewa Temple,Ratnapura,Historical,Historic temple located near Samanalawewa reservoir.,https://www.google.com/search?q=Samanalawewa+Temple+Sri+Lanka
243,Ratnapura Dutch Fort Ruins,Ratnapura,Historical,Remains of colonial-era fort from Dutch period.,https://www.google.com/search?q=Ratnapura+Dutch+Fort+Ruins+Sri+Lanka
244,Kuruwita Temple,Ratnapura,Historical,Ancient temple with cultural and historical significance.,https://www.google.com/search?q=Kuruwita+Temple+Sri+Lanka
245,Sinharaja Forest Reserve,Ratnapura,Nature,"UNESCO World Heritage tropical rainforest, rich biodiversity.",https://www.google.com/search?q=Sinharaja+Forest+Reserve+Sri+Lanka
246,Kirala Kele Forest,Ratnapura,Nature,Lush forest area with endemic flora and fauna.,https://www.google.com/search?q=Kirala+Kele+Forest+Sri+Lanka
247,Samanalawewa Reservoir,Ratnapura,Nature,Large reservoir with scenic surroundings for relaxation.,https://www.google.com/search?q=Samanalawewa+Reservoir+Sri+Lanka
248,Rahangala Mountain,Ratnapura,Nature,Mountain offering panoramic views and trekking opportunities.,https://www.google.com/search?q=Rahangala+Mountain+Sri+Lanka
249,Trekking Rahangala,Ratnapura,Adventure,Moderate trekking for stunning hilltop views.,https://www.google.com/search?q=Trekking+Rahangala+Sri+Lanka
250,Cycling Ratnapura Countryside,Ratnapura,Adventure,Explore lush tea and gem country villages via bicycle.,https://www.google.com/search?q=Cycling+Ratnapura+Countryside+Sri+Lanka
251,Samanalawewa Kayaking,Ratnapura,Adventure,Kayaking adventure on Samanalawewa Reservoir.,https://www.google.com/search?q=Samanalawewa+Kayaking+Sri+Lanka
252,Sinharaja Forest Hiking,Ratnapura,Adventure,Hiking in dense rainforest with wildlife spotting.,https://www.google.com/search?q=Sinharaja+Forest+Hiking+Sri+Lanka
253,Samanalawewa Reservoir Shore,Ratnapura,Beaches,Reservoir edge perfect for relaxation and picnics.,https://www.google.com/search?q=Samanalawewa+Reservoir+Shore+Sri+Lanka
254,Kiri Ela Stream,Ratnapura,Beaches,Tranquil stream in the midst of nature for leisure.,https://www.google.com/search?q=Kiri+Ela+Stream+Sri+Lanka
255,Rahangala Water Pool,Ratnapura,Beaches,"Natural pool near Rahangala base, ideal for short breaks.",https://www.google.com/search?q=Rahangala+Water+Pool+Sri+Lanka
256,Kirala Kele Forest Stream,Ratnapura,Beaches,Small forest stream offering serene environment for visitors.,https://www.google.com/search?q=Kirala+Kele+Forest+Stream+Sri+Lanka
257,Alagalla Temple,Kegalle,Historical,Ancient temple with cultural and religious significance.,https://www.google.com/search?q=Alagalla+Temple+Sri+Lanka
258,Kegalle Dutch Fort Ruins,Kegalle,Historical,Remains of colonial fort from Dutch era.,https://www.google.com/search?q=Kegalle+Dutch+Fort+Ruins+Sri+Lanka
259,Ruwanwella Temple,Kegalle,Historical,Historic Buddhist temple with heritage architecture.,https://www.google.com/search?q=Ruwanwella+Temple+Sri+Lanka
260,Rambukkana Old Temple,Kegalle,Historical,Temple with historical statues and old carvings.,https://www.google.com/search?q=Rambukkana+Old+Temple+Sri+Lanka
261,Alagalla Mountain,Kegalle,Nature,Mountain with scenic trekking trails and panoramic views.,https://www.google.com/search?q=Alagalla+Mountain+Sri+Lanka
262,Pinnawala Elephant Orphanage,Kegalle,Nature,Elephant sanctuary offering wildlife observation.,https://www.google.com/search?q=Pinnawala+Elephant+Orphanage+Sri+Lanka
263,River Kelani Viewpoint,Kegalle,Nature,Riverside scenic area with natural beauty.,https://www.google.com/search?q=River+Kelani+Viewpoint+Sri+Lanka
264,Bibile Forest Reserve,Kegalle,Nature,Natural forest reserve with biodiversity and hiking trails.,https://www.google.com/search?q=Bibile+Forest+Reserve+Sri+Lanka
265,Trekking Alagalla,Kegalle,Adventure,Moderate trekking for panoramic hill views.,https://www.google.com/search?q=Trekking+Alagalla+Sri+Lanka
266,Pinnawala Elephant Safari,Kegalle,Adventure,Interactive wildlife experience with elephants.,https://www.google.com/search?q=Pinnawala+Elephant+Safari+Sri+Lanka
267,Cycling Kegalle Trails,Kegalle,Adventure,Countryside cycling through scenic villages.,https://www.google.com/search?q=Cycling+Kegalle+Trails+Sri+Lanka
268,Rock Climbing Rambukkana,Kegalle,Adventure,Beginner-friendly rock climbing spots.,https://www.google.com/search?q=Rock+Climbing+Rambukkana+Sri+Lanka
269,Kelani River Shore,Kegalle,Beaches,Riverside area ideal for picnics and nature walks.,https://www.google.com/search?q=Kelani+River+Shore+Sri+Lanka
270,Rambukkana Stream,Kegalle,Beaches,Natural stream for relaxation and cooling off.,https://www.google.com/search?q=Rambukkana+Stream+Sri+Lanka
271,Pinnawala River Edge,Kegalle,Beaches,Scenic riverbank near elephant orphanage.,https://www.google.com/search?q=Pinnawala+River+Edge+Sri+Lanka
272,Alagalla Water Pool,Kegalle,Beaches,Small natural pool near Alagalla mountain base.,https://www.google.com/search?q=Alagalla+Water+Pool+Sri+Lanka
273,Koneswaram Temple,Trincomalee,Historical,Ancient Hindu temple on a cliff with panoramic sea views.,https://www.google.com/search?q=Koneswaram+Temple+Sri+Lanka
274,Fort Frederick,Trincomalee,Historical,17th-century fort built by the Portuguese and expanded by Dutch.,https://www.google.com/search?q=Fort+Frederick+Sri+Lanka
275,Trincomalee Dutch Bay Cemetery,Trincomalee,Historical,Historic Dutch cemetery with colonial-era graves.,https://www.google.com/search?q=Trincomalee+Dutch+Bay+Cemetery+Sri+Lanka
276,Bhadrakali Temple,Trincomalee,Historical,Ancient temple dedicated to Goddess Bhadrakali.,https://www.google.com/search?q=Bhadrakali+Temple+Sri+Lanka
277,Uppuveli Lagoon,Trincomalee,Nature,Serene lagoon surrounded by mangroves and birdlife.,https://www.google.com/search?q=Uppuveli+Lagoon+Sri+Lanka
278,Vellamullivaikkal Wetlands,Trincomalee,Nature,Wetlands area rich in flora and migratory birds.,https://www.google.com/search?q=Vellamullivaikkal+Wetlands+Sri+Lanka
279,Pigeon Island National Park,Trincomalee,Nature,Coral island with marine biodiversity and scenic views.,https://www.google.com/search?q=Pigeon+Island+National+Park+Sri+Lanka
280,Girithale Forest,Trincomalee,Nature,Dense forest with walking trails and native wildlife.,https://www.google.com/search?q=Girithale+Forest+Sri+Lanka
281,Scuba Diving Pigeon Island,Trincomalee,Adventure,Snorkeling and scuba diving to explore coral reefs.,https://www.google.com/search?q=Scuba+Diving+Pigeon+Island+Sri+Lanka
282,Kayaking Uppuveli Lagoon,Trincomalee,Adventure,Kayaking through calm lagoon waters.,https://www.google.com/search?q=Kayaking+Uppuveli+Lagoon+Sri+Lanka
283,Trekking Girithale Forest,Trincomalee,Adventure,Forest trekking with wildlife spotting.,https://www.google.com/search?q=Trekking+Girithale+Forest+Sri+Lanka
284,Rock Climbing Trincomalee Coast,Trincomalee,Adventure,Coastal rock climbing with sea views.,https://www.google.com/search?q=Rock+Climbing+Trincomalee+Coast+Sri+Lanka
285,Nilaveli Beach,Trincomalee,Beaches,White sandy beach ideal for sunbathing and swimming.,https://www.google.com/search?q=Nilaveli+Beach+Sri+Lanka
286,Uppuveli Beach,Trincomalee,Beaches,Popular beach for relaxation and water sports.,https://www.google.com/search?q=Uppuveli+Beach+Sri+Lanka
287,Marble Beach,Trincomalee,Beaches,Hidden beach with calm waters and scenic cliffs.,https://www.google.com/search?q=Marble+Beach+Sri+Lanka
288,Pigeon Island Shore,Trincomalee,Beaches,Shoreline near Pigeon Island perfect for snorkeling.,https://www.google.com/search?q=Pigeon+Island+Shore+Sri+Lanka
289,Batticaloa Dutch Fort,Batticaloa,Historical,"Colonial-era fort built by the Dutch in 1628, historic landmark.",https://www.google.com/search?q=Batticaloa+Dutch+Fort+Sri+Lanka
290,Kallady Bridge,Batticaloa,Historical,Historic bridge with cultural significance over Batticaloa lagoon.,https://www.google.com/search?q=Kallady+Bridge+Sri+Lanka
291,Batticaloa Lighthouse,Batticaloa,Historical,Historic lighthouse offering panoramic coastal views.,https://www.google.com/search?q=Batticaloa+Lighthouse+Sri+Lanka
292,Old Batticaloa Temple,Batticaloa,Historical,Ancient temple with historical architecture and local heritage.,https://www.google.com/search?q=Old+Batticaloa+Temple+Sri+Lanka
293,Batticaloa Lagoon,Batticaloa,Nature,Large lagoon surrounded by scenic landscapes and mangroves.,https://www.google.com/search?q=Batticaloa+Lagoon+Sri+Lanka
294,Kallady Mangrove Forest,Batticaloa,Nature,"Dense mangrove forest, ideal for birdwatching and nature walks.",https://www.google.com/search?q=Kallady+Mangrove+Forest+Sri+Lanka
295,Chenkalady Wetlands,Batticaloa,Nature,Wetlands with rich biodiversity and natural scenery.,https://www.google.com/search?q=Chenkalady+Wetlands+Sri+Lanka
296,Pasikudah Backwaters,Batticaloa,Nature,"Calm backwaters surrounded by greenery, peaceful environment.",https://www.google.com/search?q=Pasikudah+Backwaters+Sri+Lanka
297,Kayaking Batticaloa Lagoon,Batticaloa,Adventure,Paddle through the calm lagoon with scenic views.,https://www.google.com/search?q=Kayaking+Batticaloa+Lagoon+Sri+Lanka
298,Trekking Kallady Mangroves,Batticaloa,Adventure,Light trekking and exploration in mangrove forests.,https://www.google.com/search?q=Trekking+Kallady+Mangroves+Sri+Lanka
299,Cycling Batticaloa Countryside,Batticaloa,Adventure,Explore rural villages and scenic fields by bicycle.,https://www.google.com/search?q=Cycling+Batticaloa+Countryside+Sri+Lanka
300,Bird Watching Chenkalady,Batticaloa,Adventure,Adventure activity for observing local and migratory birds.,https://www.google.com/search?q=Bird+Watching+Chenkalady+Sri+Lanka
301,Pasikudah Beach,Batticaloa,Beaches,Famous white sandy beach with shallow waters for swimming.,https://www.google.com/search?q=Pasikudah+Beach+Sri+Lanka
302,Kalkudah Beach,Batticaloa,Beaches,Calm beach ideal for family outings and water sports.,https://www.google.com/search?q=Kalkudah+Beach+Sri+Lanka
303,Kallady Beach,Batticaloa,Beaches,Quiet beach with beautiful sunrise views.,https://www.google.com/search?q=Kallady+Beach+Sri+Lanka
304,Sangamankanda Beach,Batticaloa,Beaches,Scenic beach with natural beauty and picnic spots.,https://www.google.com/search?q=Sangamankanda+Beach+Sri+Lanka
305,Deegavapi Stupa,Ampara,Historical,"Ancient Buddhist stupa dating back to 3rd century BC, important heritage site.",https://www.google.com/search?q=Deegavapi+Stupa+Sri+Lanka
306,Ampara Dutch Fort,Ampara,Historical,Remains of a colonial-era Dutch fort in Ampara town.,https://www.google.com/search?q=Ampara+Dutch+Fort+Sri+Lanka
307,Mahagama Temple,Ampara,Historical,Historic Buddhist temple with traditional architecture.,https://www.google.com/search?q=Mahagama+Temple+Sri+Lanka
308,Navagamuwa Temple,Ampara,Historical,Ancient temple with cultural and religious significance.,https://www.google.com/search?q=Navagamuwa+Temple+Sri+Lanka
309,Lahugala Kitulana National Park,Ampara,Nature,"Wildlife park with elephants, birds, and scenic landscapes.",https://www.google.com/search?q=Lahugala+Kitulana+National+Park+Sri+Lanka
310,Senanayake Samudraya Reservoir,Ampara,Nature,"Largest reservoir in Sri Lanka, ideal for sightseeing and relaxation.",https://www.google.com/search?q=Senanayake+Samudraya+Reservoir+Sri+Lanka
311,Oluvil Lagoon,Ampara,Nature,"Serene lagoon surrounded by greenery, perfect for nature walks.",https://www.google.com/search?q=Oluvil+Lagoon+Sri+Lanka
312,Panama Forest Reserve,Ampara,Nature,Dense forest reserve with native flora and fauna.,https://www.google.com/search?q=Panama+Forest+Reserve+Sri+Lanka
313,Safari Lahugala,Ampara,Adventure,Wildlife safari to observe elephants and other animals.,https://www.google.com/search?q=Safari+Lahugala+Sri+Lanka
314,Kayaking Oluvil Lagoon,Ampara,Adventure,Paddle through calm lagoon waters with scenic views.,https://www.google.com/search?q=Kayaking+Oluvil+Lagoon+Sri+Lanka
315,Trekking Panama Reserve,Ampara,Adventure,Guided trekking through natural forest trails.,https://www.google.com/search?q=Trekking+Panama+Reserve+Sri+Lanka
316,Cycling Around Senanayake Reservoir,Ampara,Adventure,Countryside cycling along reservoir trails.,https://www.google.com/search?q=Cycling+Around+Senanayake+Reservoir+Sri+Lanka
317,Passekudah Beach,Ampara,Beaches,Famous for shallow waters and long sandy stretch.,https://www.google.com/search?q=Passekudah+Beach+Sri+Lanka
318,Kalkudah Beach,Ampara,Beaches,Calm beach ideal for swimming and relaxation.,https://www.google.com/search?q=Kalkudah+Beach+Sri+Lanka
319,Oluvil Beach,Ampara,Beaches,Quiet beach with natural scenery.,https://www.google.com/search?q=Oluvil+Beach+Sri+Lanka
320,Panama Beach,Ampara,Beaches,"Scenic beach near Panama lagoon, perfect for picnics.",https://www.google.com/search?q=Panama+Beach+Sri+Lanka
321,Kilinochchi War Memorial,Kilinochchi,Historical,Memorial site commemorating the Sri Lankan Civil War.,https://www.google.com/search?q=Kilinochchi+War+Memorial+Sri+Lanka
322,Chavakachcheri Church,Kilinochchi,Historical,Historic Catholic church with colonial architecture.,https://www.google.com/search?q=Chavakachcheri+Church+Sri+Lanka
323,Poonakary Fort,Kilinochchi,Historical,"Fort built by the Dutch along the Jaffna lagoon, historical significance.",https://www.google.com/search?q=Poonakary+Fort+Sri+Lanka
324,Kilinochchi District Museum,Kilinochchi,Historical,"Museum showcasing local history, artifacts, and cultural heritage.",https://www.google.com/search?q=Kilinochchi+District+Museum+Sri+Lanka
325,Chundikkulam Lagoon,Kilinochchi,Nature,Coastal lagoon with rich birdlife and mangroves.,https://www.google.com/search?q=Chundikkulam+Lagoon+Sri+Lanka
326,Paranthan Forest Reserve,Kilinochchi,Nature,Small forested area suitable for walking and observing wildlife.,https://www.google.com/search?q=Paranthan+Forest+Reserve+Sri+Lanka
327,Vadamarachchi Plains,Kilinochchi,Nature,Scenic flatlands with agricultural landscapes and open skies.,https://www.google.com/search?q=Vadamarachchi+Plains+Sri+Lanka
328,Kilinochchi River Banks,Kilinochchi,Nature,Tranquil riverside area for nature walks and relaxation.,https://www.google.com/search?q=Kilinochchi+River+Banks+Sri+Lanka
329,Cycling in Vadamarachchi,Kilinochchi,Adventure,Cycling through open plains and village roads for light adventure.,https://www.google.com/search?q=Cycling+in+Vadamarachchi+Sri+Lanka
330,Kayaking Chundikkulam Lagoon,Kilinochchi,Adventure,Canoeing or kayaking in calm lagoon waters with scenic views.,https://www.google.com/search?q=Kayaking+Chundikkulam+Lagoon+Sri+Lanka
331,Jungle Trek Paranthan,Kilinochchi,Adventure,Short trekking trails through forested areas with wildlife spotting.,https://www.google.com/search?q=Jungle+Trek+Paranthan+Sri+Lanka
332,Birdwatching Chundikkulam,Kilinochchi,Adventure,Observe migratory and native birds in lagoon and wetland habitats.,https://www.google.com/search?q=Birdwatching+Chundikkulam+Sri+Lanka
333,Delft Coast Beach,Kilinochchi,Beaches,Secluded coastline with sand flats and shallow waters.,https://www.google.com/search?q=Delft+Coast+Beach+Sri+Lanka
334,Palaly Beach,Kilinochchi,Beaches,Quiet local beach near Palaly town with calm waters.,https://www.google.com/search?q=Palaly+Beach+Sri+Lanka
335,Iranaitheevu Beach,Kilinochchi,Beaches,Small coastal beach with peaceful surroundings.,https://www.google.com/search?q=Iranaitheevu+Beach+Sri+Lanka
336,Kilinochchi Lagoon Beach,Kilinochchi,Beaches,Lagoon-adjacent beach area with natural scenery.,https://www.google.com/search?q=Kilinochchi+Lagoon+Beach+Sri+Lanka
337,Mannar Fort,Mannar,Historical,"17th-century fort built by the Portuguese and Dutch, with bastions and historic walls.",https://www.google.com/search?q=Mannar+Fort+Sri+Lanka
338,St. James’ Church,Mannar,Historical,Historic Catholic church with colonial architecture and local heritage.,https://www.google.com/search?q=St.+James’+Church+Sri+Lanka
339,Talaimannar Lighthouse,Mannar,Historical,"Iconic lighthouse marking the northern tip of Sri Lanka, historic maritime significance.",https://www.google.com/search?q=Talaimannar+Lighthouse+Sri+Lanka
340,Mannar District Museum,Mannar,Historical,"Museum showcasing local history, archaeology, and cultural artifacts.",https://www.google.com/search?q=Mannar+District+Museum+Sri+Lanka
341,Adam’s Bridge Area,Mannar,Nature,"Coastal area with sandbanks, shallow waters, and natural scenery.",https://www.google.com/search?q=Adam’s+Bridge+Area+Sri+Lanka
342,Vankalai Bird Sanctuary,Mannar,Nature,Wetland sanctuary for migratory birds including flamingos and pelicans.,https://www.google.com/search?q=Vankalai+Bird+Sanctuary+Sri+Lanka
343,Mannar Island Salt Flats,Mannar,Nature,Scenic salt flats and open landscapes ideal for photography and walking.,https://www.google.com/search?q=Mannar+Island+Salt+Flats+Sri+Lanka
344,Periyaar Wetlands,Mannar,Nature,Coastal wetlands with diverse birdlife and natural habitats.,https://www.google.com/search?q=Periyaar+Wetlands+Sri+Lanka
345,Cycling Mannar Island,Mannar,Adventure,Explore the island’s open landscapes and villages by bicycle.,https://www.google.com/search?q=Cycling+Mannar+Island+Sri+Lanka
346,Kayaking Adam’s Bridge,Mannar,Adventure,Kayaking along shallow coastal areas near Adam’s Bridge.,https://www.google.com/search?q=Kayaking+Adam’s+Bridge+Sri+Lanka
347,Birdwatching Vankalai,Mannar,Adventure,Observe migratory birds in wetlands and lagoons.,https://www.google.com/search?q=Birdwatching+Vankalai+Sri+Lanka
348,Hiking Talaimannar,Mannar,Adventure,Short treks around coastal and flatland areas for light adventure.,https://www.google.com/search?q=Hiking+Talaimannar+Sri+Lanka
349,Talaimannar Beach,Mannar,Beaches,Seaside beach near Talaimannar with golden sand and calm waters.,https://www.google.com/search?q=Talaimannar+Beach+Sri+Lanka
350,Pesalai Beach,Mannar,Beaches,Quiet local beach with shallow waters and scenic views.,https://www.google.com/search?q=Pesalai+Beach+Sri+Lanka
351,Erukkalampiddy Beach,Mannar,Beaches,Beach area with fishing activities and open sand areas.,https://www.google.com/search?q=Erukkalampiddy+Beach+Sri+Lanka
352,Mannar Island Beach,Mannar,Beaches,Island beach offering natural coastal scenery and sunsets.,https://www.google.com/search?q=Mannar+Island+Beach+Sri+Lanka
353,Mullaitivu War Memorial,Mullaitivu,Historical,Memorial dedicated to war heroes of the region.,https://www.google.com/search?q=Mullaitivu+War+Memorial+Sri+Lanka
354,Oddusuddan Tank Ruins,Mullaitivu,Historical,Ancient irrigation tank with historical significance.,https://www.google.com/search?q=Oddusuddan+Tank+Ruins+Sri+Lanka
355,Kathirkamam Temple,Mullaitivu,Historical,Historic Hindu temple with traditional architecture.,https://www.google.com/search?q=Kathirkamam+Temple+Sri+Lanka
356,Mullaitivu Lighthouse,Mullaitivu,Historical,Coastal lighthouse with panoramic ocean views.,https://www.google.com/search?q=Mullaitivu+Lighthouse+Sri+Lanka
357,Nai Aru Lagoon,Mullaitivu,Nature,Serene lagoon with scenic views and birdlife.,https://www.google.com/search?q=Nai+Aru+Lagoon+Sri+Lanka
358,Mullaitivu Forest Reserve,Mullaitivu,Nature,Dense forest area with native flora and fauna.,https://www.google.com/search?q=Mullaitivu+Forest+Reserve+Sri+Lanka
359,Palampiddi Wetlands,Mullaitivu,Nature,Wetlands rich in biodiversity and migratory birds.,https://www.google.com/search?q=Palampiddi+Wetlands+Sri+Lanka
360,Kanakairi Lake,Mullaitivu,Nature,"Tranquil lake surrounded by greenery, ideal for relaxation.",https://www.google.com/search?q=Kanakairi+Lake+Sri+Lanka
361,Kayaking Nai Aru Lagoon,Mullaitivu,Adventure,Paddle through calm lagoon waters.,https://www.google.com/search?q=Kayaking+Nai+Aru+Lagoon+Sri+Lanka
362,Trekking Mullaitivu Forest,Mullaitivu,Adventure,Explore forest trails and observe wildlife.,https://www.google.com/search?q=Trekking+Mullaitivu+Forest+Sri+Lanka
363,Cycling Palampiddi Trails,Mullaitivu,Adventure,Scenic cycling routes along rural landscapes.,https://www.google.com/search?q=Cycling+Palampiddi+Trails+Sri+Lanka
364,Rock Climbing Mullaitivu Coast,Mullaitivu,Adventure,Coastal rock climbing with ocean views.,https://www.google.com/search?q=Rock+Climbing+Mullaitivu+Coast+Sri+Lanka
365,Mullaitivu Beach,Mullaitivu,Beaches,Quiet beach with natural beauty and calm waters.,https://www.google.com/search?q=Mullaitivu+Beach+Sri+Lanka
366,Palali Beach,Mullaitivu,Beaches,Serene sandy beach ideal for swimming and picnics.,https://www.google.com/search?q=Palali+Beach+Sri+Lanka
367,Kanakaray Beach,Mullaitivu,Beaches,Secluded beach with scenic coastline.,https://www.google.com/search?q=Kanakaray+Beach+Sri+Lanka
368,Nadukuda Beach,Mullaitivu,Beaches,Popular local beach with calm waves and natural scenery.,https://www.google.com/search?q=Nadukuda+Beach+Sri+Lanka
369,Wilpattu Ancient Ruins,Puttalam,Historical,Remains of ancient settlements near Wilpattu National Park.,https://www.google.com/search?q=Wilpattu+Ancient+Ruins+Sri+Lanka
370,Puttalam Dutch Fort,Puttalam,Historical,"Colonial-era fort built by the Dutch in 1660s, historical landmark.",https://www.google.com/search?q=Puttalam+Dutch+Fort+Sri+Lanka
371,Munneswaram Temple,Puttalam,Historical,"Ancient Hindu temple, important cultural site.",https://www.google.com/search?q=Munneswaram+Temple+Sri+Lanka
372,Thabbowa Tank Ruins,Puttalam,Historical,Historic irrigation tank built in ancient times.,https://www.google.com/search?q=Thabbowa+Tank+Ruins+Sri+Lanka
373,Wilpattu National Park,Puttalam,Nature,"Largest national park in Sri Lanka, rich in wildlife.",https://www.google.com/search?q=Wilpattu+National+Park+Sri+Lanka
374,Kalpitiya Lagoon,Puttalam,Nature,"Scenic lagoon with mangroves, ideal for birdwatching.",https://www.google.com/search?q=Kalpitiya+Lagoon+Sri+Lanka
375,Mundel Lake,Puttalam,Nature,Tranquil lake surrounded by natural scenery.,https://www.google.com/search?q=Mundel+Lake+Sri+Lanka
376,Bar Reef Marine Sanctuary,Puttalam,Nature,Coral reef sanctuary with rich marine biodiversity.,https://www.google.com/search?q=Bar+Reef+Marine+Sanctuary+Sri+Lanka
377,Safari Wilpattu,Puttalam,Adventure,"Wildlife safari to see elephants, leopards, and other animals.",https://www.google.com/search?q=Safari+Wilpattu+Sri+Lanka
378,Kayaking Kalpitiya Lagoon,Puttalam,Adventure,Paddle through scenic mangrove waterways.,https://www.google.com/search?q=Kayaking+Kalpitiya+Lagoon+Sri+Lanka
379,Kite Surfing Kalpitiya,Puttalam,Adventure,Popular location for kite surfing enthusiasts.,https://www.google.com/search?q=Kite+Surfing+Kalpitiya+Sri+Lanka
380,Trekking Mundel Trails,Puttalam,Adventure,Light trekking along natural trails near Mundel Lake.,https://www.google.com/search?q=Trekking+Mundel+Trails+Sri+Lanka
381,Kalpitiya Beach,Puttalam,Beaches,Sandy beach popular for swimming and water sports.,https://www.google.com/search?q=Kalpitiya+Beach+Sri+Lanka
382,Silavathurai Beach,Puttalam,Beaches,Quiet beach ideal for relaxation and picnics.,https://www.google.com/search?q=Silavathurai+Beach+Sri+Lanka
383,Delft Island Beach,Puttalam,Beaches,Unique island beach with wild horses and natural scenery.,https://www.google.com/search?q=Delft+Island+Beach+Sri+Lanka
384,Wilpattu Beach,Puttalam,Beaches,Small serene beach near Wilpattu National Park.,https://www.google.com/search?q=Wilpattu+Beach+Sri+Lanka
385,Vavuniya Ancient Temple,Vavuniya,Historical,Historic Buddhist temple with cultural significance.,https://www.google.com/search?q=Vavuniya+Ancient+Temple+Sri+Lanka
386,Vavuniya Dutch Fort Ruins,Vavuniya,Historical,Remains of a colonial fort built during Dutch rule.,https://www.google.com/search?q=Vavuniya+Dutch+Fort+Ruins+Sri+Lanka
387,Alampil Ancient Stupa,Vavuniya,Historical,"Ancient stupa dating back centuries, religious landmark.",https://www.google.com/search?q=Alampil+Ancient+Stupa+Sri+Lanka
388,Naddankandal Temple,Vavuniya,Historical,Traditional temple with historic architecture.,https://www.google.com/search?q=Naddankandal+Temple+Sri+Lanka
389,Vavuniya Forest Reserve,Vavuniya,Nature,Dense forest with native flora and wildlife.,https://www.google.com/search?q=Vavuniya+Forest+Reserve+Sri+Lanka
390,Kanakarayan Lagoon,Vavuniya,Nature,Scenic lagoon ideal for birdwatching and relaxation.,https://www.google.com/search?q=Kanakarayan+Lagoon+Sri+Lanka
391,Vavuniya Lake,Vavuniya,Nature,Calm lake with natural surroundings.,https://www.google.com/search?q=Vavuniya+Lake+Sri+Lanka
392,Palampiddy Wetlands,Vavuniya,Nature,Wetlands rich in birdlife and native vegetation.,https://www.google.com/search?q=Palampiddy+Wetlands+Sri+Lanka
393,Trekking Vavuniya Forest,Vavuniya,Adventure,Explore forest trails and enjoy wildlife spotting.,https://www.google.com/search?q=Trekking+Vavuniya+Forest+Sri+Lanka
394,Kayaking Kanakarayan Lagoon,Vavuniya,Adventure,Paddle through scenic lagoon waters.,https://www.google.com/search?q=Kayaking+Kanakarayan+Lagoon+Sri+Lanka
395,Cycling Vavuniya Countryside,Vavuniya,Adventure,Rural cycling routes with natural scenery.,https://www.google.com/search?q=Cycling+Vavuniya+Countryside+Sri+Lanka
396,Jungle Safari Palampiddy,Vavuniya,Adventure,Guided safari to observe local fauna.,https://www.google.com/search?q=Jungle+Safari+Palampiddy+Sri+Lanka
397,Vavuniya Lake Shore,Vavuniya,Beaches,Lakeside area suitable for picnics and leisure.,https://www.google.com/search?q=Vavuniya+Lake+Shore+Sri+Lanka
398,Kanakarayan Lagoon Shore,Vavuniya,Beaches,Calm waterside for relaxation.,https://www.google.com/search?q=Kanakarayan+Lagoon+Shore+Sri+Lanka
399,Palampiddy Wetland Edge,Vavuniya,Beaches,Sandy edge along wetlands for leisure.,https://www.google.com/search?q=Palampiddy+Wetland+Edge+Sri+Lanka
400,Vavuniya Reservoir Bank,Vavuniya,Beaches,Scenic reservoir bank suitable for family visits.,https://www.google.com/search?q=Vavuniya+Reservoir+Bank+Sri+Lanka
